Network,School ID,Educational Unit,Total,WhiteNo,WhitePct,African AmericanNo,African AmericanPct,Asian/Pacific Islander(Retired)No,Asian/Pacific Islander(Retired)Pct,Native American/AlaskanNo,Native American/AlaskanPct,HispanicNo,HispanicPct,Mulit-RacialNo,Mulit-RacialPct,AsianNo,AsianPct,Hawaiian/Pacific IslanderNo,Hawaiian/Pacific IslanderPct,Not AvailableNo,Not AvailablePct
Charter,400010,ACE Tech Chtr HS,481,11,2.3,366,76.1,0,0.0,3,0.6,100,20.8,1,0.2,0,0.0,0,0.0,0,0.0
Charter,400146,ACT Charter,166,0,0.0,160,96.4,0,0.0,0,0.0,6,3.6,0,0.0,0,0.0,0,0.0,0,0.0
Network 13,609772,Addams,866,19,2.2,12,1.4,0,0.0,0,0.0,831,96.0,3,0.3,1,0.1,0,0.0,0,0.0
Network 4,609773,Agassiz,484,170,35.1,119,24.6,0,0.0,1,0.2,160,33.1,19,3.9,13,2.7,2,0.4,0,0.0
Military,610513,Air Force Acad HS,369,36,9.8,152,41.2,0,0.0,0,0.0,164,44.4,4,1.1,12,3.3,1,0.3,0,0.0
Network 1,610212,Albany Park Middle,280,12,4.3,16,5.7,0,0.0,0,0.0,217,77.5,3,1.1,32,11.4,0,0.0,0,0.0
Network 4,609774,Alcott,510,326,63.9,46,9.0,1,0.2,0,0.0,74,14.5,29,5.7,30,5.9,0,0.0,4,0.8
Network 4,610524,Alcott HS,281,34,12.1,84,29.9,0,0.0,5,1.8,150,53.4,3,1.1,3,1.1,2,0.7,0,0.0
OS4,609848,Aldridge,252,0,0.0,252,100.0,0,0.0,0,0.0,0,0.0,0,0.0,0,0.0,0,0.0,0,0.0
Charter,400012,Amandla Elementay Chrtr,354,1,0.3,344,97.2,0,0.0,0,0.0,2,0.6,1,0.3,0,0.0,0,0.0,6,1.7
Network 4,609780,Ames Middle,542,0,0.0,26,4.8,0,0.0,1,0.2,509,93.9,3,0.6,3,0.6,0,0.0,0,0.0
Network 2,609695,Amundsen HS,"1,266",129,10.2,138,10.9,1,0.1,6,0.5,787,62.2,8,0.6,185,14.6,5,0.4,7,0.6
Network 9,609951,Ariel,565,2,0.4,547,96.8,0,0.0,0,0.0,13,2.3,2,0.4,1,0.2,0,0.0,0,0.0
Network 6,609777,Armour,324,28,8.6,8,2.5,0,0.0,0,0.0,274,84.6,2,0.6,12,3.7,0,0.0,0,0.0
Network 2,609779,Armstrong G.,"1,444",111,7.7,414,28.7,0,0.0,11,0.8,627,43.4,28,1.9,251,17.4,1,0.1,1,0.1
Network 10,610287,Ashburn,475,3,0.6,388,81.7,0,0.0,0,0.0,74,15.6,9,1.9,1,0.2,0,0.0,0,0.0
OS4,610268,Ashe,392,0,0.0,386,98.5,0,0.0,0,0.0,6,1.5,0,0.0,0,0.0,0,0.0,0,0.0
Charter,400013,ASPIRA Chrt - Early College,568,4,0.7,14,2.5,0,0.0,3,0.5,538,94.7,0,0.0,5,0.9,0,0.0,4,0.7
Charter,400017,ASPIRA Chrt - Haugan,565,12,2.1,18,3.2,0,0.0,5,0.9,508,89.9,6,1.1,14,2.5,1,0.2,1,0.2
Charter,400015,ASPIRA Chrt - Ramirez,166,5,3.0,14,8.4,0,0.0,1,0.6,146,88.0,0,0.0,0,0.0,0,0.0,0,0.0
Network 9,609781,Attucks,168,0,0.0,166,98.8,0,0.0,0,0.0,1,0.6,0,0.0,0,0.0,0,0.0,1,0.6
Network 4,609782,Audubon,591,342,57.9,19,3.2,0,0.0,0,0.0,172,29.1,31,5.2,10,1.7,2,0.3,15,2.5
Network 3,400018,Austin Bus & Entrp HS,186,0,0.0,186,100.0,0,0.0,0,0.0,0,0.0,0,0.0,0,0.0,0,0.0,0,0.0
Network 3,610501,Austin Poly Tech HS,196,1,0.5,190,96.9,0,0.0,1,0.5,4,2.0,0,0.0,0,0.0,0,0.0,0,0.0
Network 12,609786,Avalon Park,308,1,0.3,302,98.1,0,0.0,1,0.3,3,1.0,1,0.3,0,0.0,0,0.0,0,0.0
Network 10,610544,Azuela,944,28,3.0,8,0.8,0,0.0,6,0.6,884,93.6,1,0.1,3,0.3,0,0.0,14,1.5
Network 8,610563,Back of the Yards IB HS,281,6,2.1,9,3.2,0,0.0,1,0.4,248,88.3,0,0.0,17,6.0,0,0.0,0,0.0
Options,610555,Banner West HS,296,0,0.0,283,95.6,0,0.0,0,0.0,7,2.4,5,1.7,0,0.0,0,0.0,1,0.3
OS4,609788,Barnard,301,1,0.3,288,95.7,0,0.0,0,0.0,6,2.0,4,1.3,1,0.3,1,0.3,0,0.0
Network 4,609789,Barry,831,13,1.6,10,1.2,0,0.0,1,0.1,791,95.2,7,0.8,9,1.1,0,0.0,0,0.0
Network 11,609790,Barton,591,2,0.3,584,98.8,0,0.0,0,0.0,4,0.7,1,0.2,0,0.0,0,0.0,0,0.0
Network 11,609791,Bass,566,0,0.0,552,97.5,0,0.0,2,0.4,11,1.9,0,0.0,0,0.0,1,0.2,0,0.0
Network 1,609792,Bateman,"1,036",94,9.1,26,2.5,0,0.0,6,0.6,833,80.4,4,0.4,38,3.7,1,0.1,34,3.3
Network 1,610083,Beard,169,60,35.5,10,5.9,0,0.0,0,0.0,76,45.0,6,3.6,16,9.5,1,0.6,0,0.0
Network 9,610246,Beasley Magnet,"1,403",0,0.0,"1,363",97.1,0,0.0,4,0.3,26,1.9,4,0.3,2,0.1,2,0.1,2,0.1
Network 1,609796,Beaubien,"1,166",447,38.3,20,1.7,3,0.3,6,0.5,450,38.6,56,4.8,163,14.0,5,0.4,16,1.4
Network 9,610237,Beethoven,395,1,0.3,383,97.0,0,0.0,0,0.0,4,1.0,0,0.0,0,0.0,0,0.0,7,1.8
OS4,609797,Beidler,463,0,0.0,452,97.6,0,0.0,1,0.2,9,1.9,1,0.2,0,0.0,0,0.0,0,0.0
Network 1,609798,Belding,606,206,34.0,43,7.1,0,0.0,4,0.7,299,49.3,12,2.0,31,5.1,8,1.3,3,0.5
Network 4,609799,Bell,"1,048",640,61.1,22,2.1,0,0.0,5,0.5,230,21.9,80,7.6,65,6.2,4,0.4,2,0.2
Network 3,609922,Belmont-Cragin,587,17,2.9,24,4.1,0,0.0,4,0.7,535,91.1,3,0.5,2,0.3,2,0.3,0,0.0
Network 13,609800,Bennett,419,1,0.2,405,96.7,0,0.0,0,0.0,7,1.7,6,1.4,0,0.0,0,0.0,0,0.0
Network 12,610350,Black Magnet,474,0,0.0,453,95.6,0,0.0,0,0.0,5,1.1,2,0.4,0,0.0,0,0.0,14,3.0
Network 4,609803,Blaine,943,563,59.7,42,4.5,0,0.0,2,0.2,245,26.0,44,4.7,34,3.6,13,1.4,0,0.0
Network 10,610087,Blair,192,32,16.7,38,19.8,0,0.0,0,0.0,120,62.5,0,0.0,1,0.5,1,0.5,0,0.0
OS4,609698,Bogan Tech HS,"1,115",26,2.3,538,48.3,0,0.0,10,0.9,533,47.8,7,0.6,1,0.1,0,0.0,0,0.0
Network 11,610238,Bond,420,1,0.2,413,98.3,0,0.0,0,0.0,6,1.4,0,0.0,0,0.0,0,0.0,0,0.0
Network 2,609804,Boone,805,176,21.9,82,10.2,0,0.0,3,0.4,364,45.2,9,1.1,169,21.0,1,0.1,1,0.1
Network 12,609815,Bouchet,686,0,0.0,681,99.3,0,0.0,0,0.0,2,0.3,3,0.4,0,0.0,0,0.0,0,0.0
AUSL,609806,Bradwell,834,4,0.5,817,98.0,0,0.0,1,0.1,9,1.1,3,0.4,0,0.0,0,0.0,0,0.0
Network 2,610242,Brennemann,502,16,3.2,315,62.7,0,0.0,1,0.2,136,27.1,10,2.0,22,4.4,1,0.2,1,0.2
OS4,609809,Brentano,411,20,4.9,18,4.4,0,0.0,1,0.2,355,86.4,2,0.5,1,0.2,0,0.0,14,3.4
Network 1,609810,Bridge,"1,049",532,50.7,8,0.8,0,0.0,1,0.1,461,43.9,19,1.8,27,2.6,1,0.1,0,0.0
Network 13,609811,Bright,290,1,0.3,200,69.0,0,0.0,0,0.0,89,30.7,0,0.0,0,0.0,0,0.0,0,0.0
Network 8,610317,Brighton Park,593,9,1.5,5,0.8,0,0.0,2,0.3,571,96.3,2,0.3,4,0.7,0,0.0,0,0.0
Charter,400019,Bronzeville LH Chrt,488,0,0.0,477,97.7,0,0.0,0,0.0,2,0.4,1,0.2,1,0.2,0,0.0,7,1.4
OS4,610381,Bronzeville Mil HS,516,0,0.0,508,98.4,0,0.0,0,0.0,5,1.0,1,0.2,1,0.2,1,0.2,0,0.0
Network 13,609726,Brooks CPHS,783,6,0.8,663,84.7,0,0.0,2,0.3,101,12.9,9,1.1,1,0.1,0,0.0,1,0.1
Network 13,610091,Brown R.,292,0,0.0,288,98.6,0,0.0,0,0.0,4,1.4,0,0.0,0,0.0,0,0.0,0,0.0
OS4,609812,Brown W.,224,0,0.0,216,96.4,0,0.0,2,0.9,5,2.2,0,0.0,1,0.4,0,0.0,0,0.0
Network 12,609813,Brownell,261,0,0.0,260,99.6,0,0.0,0,0.0,1,0.4,0,0.0,0,0.0,0,0.0,0,0.0
Network 3,609830,Brunson,645,1,0.2,613,95.0,0,0.0,1,0.2,25,3.9,1,0.2,0,0.0,0,0.0,4,0.6
Network 2,609817,Budlong,874,222,25.4,52,5.9,0,0.0,5,0.6,393,45.0,20,2.3,172,19.7,1,0.1,9,1.0
Network 3,609818,Burbank,955,14,1.5,52,5.4,0,0.0,5,0.5,875,91.6,4,0.4,2,0.2,3,0.3,0,0.0
OS4,609819,Burke,369,0,0.0,365,98.9,0,0.0,1,0.3,2,0.5,1,0.3,0,0.0,0,0.0,0,0.0
Network 4,609820,Burley,550,309,56.2,15,2.7,0,0.0,3,0.5,153,27.8,33,6.0,37,6.7,0,0.0,0,0.0
Network 13,609821,Burnham,581,0,0.0,567,97.6,0,0.0,0,0.0,9,1.5,3,0.5,1,0.2,1,0.2,0,0.0
Network 12,609827,Burnside Magnet,679,1,0.1,663,97.6,0,0.0,1,0.1,11,1.6,3,0.4,0,0.0,0,0.0,0,0.0
Network 6,609828,Burr,388,143,36.9,35,9.0,0,0.0,0,0.0,189,48.7,15,3.9,5,1.3,1,0.3,0,0.0
Network 8,609829,Burroughs,519,19,3.7,4,0.8,0,0.0,0,0.0,493,95.0,0,0.0,2,0.4,0,0.0,1,0.2
Network 10,609832,Byrne,671,270,40.2,6,0.9,0,0.0,1,0.1,390,58.1,3,0.4,0,0.0,0,0.0,1,0.1
Network 12,609833,Caldwell,283,0,0.0,276,97.5,0,0.0,1,0.4,2,0.7,4,1.4,0,0.0,0,0.0,0,0.0
Options,610572,Camelot Academy ES,21,0,0.0,20,95.2,0,0.0,0,0.0,1,4.8,0,0.0,0,0.0,0,0.0,0,0.0
Options,610573,Camelot Academy HS,16,0,0.0,16,100.0,0,0.0,0,0.0,0,0.0,0,0.0,0,0.0,0,0.0,0,0.0
Network 5,609835,Cameron,811,5,0.6,291,35.9,0,0.0,0,0.0,507,62.5,5,0.6,0,0.0,0,0.0,3,0.4
Network 3,610539,Camras,"1,001",56,5.6,9,0.9,0,0.0,9,0.9,906,90.5,6,0.6,15,1.5,0,0.0,0,0.0
Network 9,610018,Canter Middle,95,2,2.1,89,93.7,0,0.0,0,0.0,3,3.2,0,0.0,1,1.1,0,0.0,0,0.0
Network 1,609836,Canty,812,442,54.4,8,1.0,0,0.0,1,0.1,302,37.2,25,3.1,33,4.1,1,0.1,0,0.0
Network 7,610024,Cardenas,713,4,0.6,29,4.1,0,0.0,0,0.0,680,95.4,0,0.0,0,0.0,0,0.0,0,0.0
OS4,609837,Carnegie,669,8,1.2,653,97.6,0,0.0,0,0.0,5,0.7,2,0.3,0,0.0,1,0.1,0,0.0
Network 10,609839,Carroll,533,0,0.0,513,96.2,0,0.0,0,0.0,17,3.2,2,0.4,0,0.0,1,0.2,0,0.0
Network 8,609842,Carson,"1,222",2,0.2,41,3.4,0,0.0,8,0.7,"1,170",95.7,0,0.0,0,0.0,0,0.0,1,0.1
AUSL,609844,Carter,439,0,0.0,429,97.7,0,0.0,0,0.0,10,2.3,0,0.0,0,0.0,0,0.0,0,0.0
OS4,609845,Carver Elementary,507,3,0.6,499,98.4,0,0.0,0,0.0,5,1.0,0,0.0,0,0.0,0,0.0,0,0.0
Military,609760,Carver Mil Acad HS,529,2,0.4,254,48.0,0,0.0,1,0.2,270,51.0,2,0.4,0,0.0,0,0.0,0,0.0
AUSL,610021,Casals,468,4,0.9,238,50.9,0,0.0,0,0.0,224,47.9,2,0.4,0,0.0,0,0.0,0,0.0
Network 10,609849,Cassell,367,283,77.1,34,9.3,0,0.0,2,0.5,40,10.9,5,1.4,3,0.8,0,0.0,0,0.0
Network 7,609826,Castellanos,586,1,0.2,29,4.9,0,0.0,1,0.2,555,94.7,0,0.0,0,0.0,0,0.0,0,0.0
Charter,400020,Catalyst Chrt - Howland,472,0,0.0,422,89.4,0,0.0,1,0.2,11,2.3,0,0.0,0,0.0,0,0.0,38,8.1
Charter,400115,Catalyst Chrt - Maria,832,8,1.0,380,45.7,0,0.0,3,0.4,378,45.4,5,0.6,0,0.0,0,0.0,58,7.0
Charter,400021,Catalyst Chtr -Circle Rock,521,0,0.0,438,84.1,0,0.0,1,0.2,1,0.2,2,0.4,0,0.0,0,0.0,79,15.2
Network 5,610251,Cather,451,0,0.0,442,98.0,0,0.0,0,0.0,9,2.0,0,0.0,0,0.0,0,0.0,0,0.0
AUSL,609851,Chalmers,406,1,0.2,386,95.1,0,0.0,0,0.0,15,3.7,4,1.0,0,0.0,0,0.0,0,0.0
Network 2,609852,Chappell,551,73,13.2,28,5.1,0,0.0,7,1.3,343,62.3,21,3.8,78,14.2,0,0.0,1,0.2
Network 4,609853,Chase,498,14,2.8,11,2.2,0,0.0,1,0.2,467,93.8,2,0.4,1,0.2,0,0.0,2,0.4
Network 8,610148,Chavez,947,9,1.0,34,3.6,0,0.0,4,0.4,899,94.9,1,0.1,0,0.0,0,0.0,0,0.0
Charter,400161,Chgo Collegiate Chtr HS,115,0,0.0,111,96.5,0,0.0,0,0.0,3,2.6,0,0.0,0,0.0,0,0.0,1,0.9
Charter,400035,Chgo Math/Sci Chtr,606,24,4.0,164,27.1,1,0.2,4,0.7,340,56.1,10,1.7,62,10.2,1,0.2,0,0.0
AUSL,610248,Chicago Acad,600,152,25.3,28,4.7,0,0.0,2,0.3,387,64.5,12,2.0,16,2.7,3,0.5,0,0.0
AUSL,610340,Chicago Acad HS,518,112,21.6,89,17.2,0,0.0,3,0.6,284,54.8,7,1.4,22,4.2,1,0.2,0,0.0
Contract,400091,Chicago Adv Tech Acad HS,387,10,2.6,271,70.0,0,0.0,2,0.5,96,24.8,0,0.0,7,1.8,0,0.0,1,0.3
Network 10,609753,Chicago Agr Sci HS,651,199,30.6,275,42.2,0,0.0,2,0.3,152,23.3,17,2.6,3,0.5,0,0.0,3,0.5
Contract,400022,Chicago Arts HS,575,69,12.0,306,53.2,2,0.3,1,0.2,135,23.5,19,3.3,7,1.2,1,0.2,35,6.1
Contract,400147,Chicago Excel Acad,375,3,0.8,360,96.0,0,0.0,0,0.0,11,2.9,0,0.0,0,0.0,1,0.3,0,0.0
Military,609754,Chicago Mil Acad HS,405,7,1.7,312,77.0,0,0.0,1,0.2,78,19.3,6,1.5,0,0.0,0,0.0,1,0.2
Charter,400093,Chicago Talent Dev HS,183,0,0.0,176,96.2,0,0.0,0,0.0,5,2.7,2,1.1,0,0.0,0,0.0,0,0.0
Charter,400036,Chicago Virtual Chtr,690,118,17.1,373,54.1,2,0.3,2,0.3,109,15.8,31,4.5,51,7.4,1,0.1,3,0.4
OS4,609674,Chicago Voc HS,990,0,0.0,974,98.4,0,0.0,0,0.0,12,1.2,4,0.4,0,0.0,0,0.0,0,0.0
Network 5,609854,Chopin,594,35,5.9,120,20.2,0,0.0,4,0.7,416,70.0,6,1.0,4,0.7,1,0.2,8,1.3
Network 8,609855,Christopher,360,23,6.4,92,25.6,0,0.0,2,0.6,240,66.7,0,0.0,0,0.0,0,0.0,3,0.8
Charter,400159,Christopher Hse Chtr,95,1,1.1,5,5.3,0,0.0,0,0.0,77,81.1,0,0.0,1,1.1,0,0.0,11,11.6
Charter,400023,CICS - Avalon/So Shore,418,2,0.5,411,98.3,0,0.0,0,0.0,2,0.5,0,0.0,0,0.0,0,0.0,3,0.7
Charter,400025,CICS - Bucktown,674,16,2.4,92,13.6,0,0.0,4,0.6,552,81.9,6,0.9,1,0.1,1,0.1,2,0.3
Charter,400113,CICS - Chgo Quest North,379,21,5.5,238,62.8,0,0.0,1,0.3,101,26.6,9,2.4,5,1.3,1,0.3,3,0.8
Charter,400032,CICS - Ellison,481,0,0.0,468,97.3,0,0.0,0,0.0,2,0.4,8,1.7,0,0.0,0,0.0,3,0.6
Charter,400108,CICS - Hawkins,348,0,0.0,344,98.9,0,0.0,0,0.0,2,0.6,2,0.6,0,0.0,0,0.0,0,0.0
Charter,400027,CICS - Irving Park,534,70,13.1,36,6.7,1,0.2,1,0.2,332,62.2,12,2.2,24,4.5,0,0.0,58,10.9
Charter,400092,CICS - Lloyd Bond,348,0,0.0,341,98.0,0,0.0,0,0.0,5,1.4,0,0.0,0,0.0,0,0.0,2,0.6
Charter,400033,CICS - Longwood,"1,283",1,0.1,"1,250",97.4,0,0.0,0,0.0,16,1.2,2,0.2,2,0.2,0,0.0,12,0.9
Charter,400026,CICS - Loomis,578,0,0.0,555,96.0,0,0.0,0,0.0,5,0.9,2,0.3,0,0.0,0,0.0,16,2.8
Charter,400034,CICS - Northtown,886,174,19.6,53,6.0,3,0.3,7,0.8,501,56.5,14,1.6,122,13.8,6,0.7,6,0.7
Charter,400030,CICS - W. Belden,500,5,1.0,38,7.6,0,0.0,0,0.0,454,90.8,0,0.0,0,0.0,0,0.0,3,0.6
Charter,400024,CICS- Basil,704,1,0.1,630,89.5,0,0.0,0,0.0,67,9.5,1,0.1,2,0.3,0,0.0,3,0.4
Charter,400028,CICS- Prairie,406,0,0.0,199,49.0,0,0.0,0,0.0,206,50.7,1,0.2,0,0.0,0,0.0,0,0.0
Charter,400029,CICS- Washington,442,0,0.0,403,91.2,0,0.0,1,0.2,6,1.4,0,0.0,0,0.0,0,0.0,32,7.2
Charter,400031,CICS- Wrightwood,731,4,0.5,680,93.0,0,0.0,1,0.1,17,2.3,21,2.9,1,0.1,0,0.0,7,1.0
Network 10,610347,Claremont,477,0,0.0,449,94.1,0,0.0,0,0.0,25,5.2,0,0.0,0,0.0,3,0.6,0,0.0
Network 3,609795,Clark G. R.,279,5,1.8,170,60.9,0,0.0,3,1.1,93,33.3,4,1.4,2,0.7,2,0.7,0,0.0
Network 3,610244,Clark Magnet HS,499,0,0.0,492,98.6,0,0.0,1,0.2,5,1.0,1,0.2,0,0.0,0,0.0,0,0.0
Network 13,609856,Clay,568,64,11.3,47,8.3,0,0.0,3,0.5,438,77.1,12,2.1,4,0.7,0,0.0,0,0.0
OS4,609759,Clemente HS,701,19,2.7,161,23.0,0,0.0,3,0.4,513,73.2,4,0.6,1,0.1,0,0.0,0,0.0
Network 1,609857,Cleveland,689,41,6.0,29,4.2,0,0.0,9,1.3,558,81.0,6,0.9,40,5.8,3,0.4,3,0.4
Network 2,609859,Clinton,"1,147",188,16.4,132,11.5,0,0.0,13,1.1,350,30.5,10,0.9,442,38.5,9,0.8,3,0.3
Network 10,609861,Clissold,560,168,30.0,353,63.0,0,0.0,1,0.2,29,5.2,5,0.9,3,0.5,1,0.2,0,0.0
Network 13,610199,Colemon J.,279,0,0.0,259,92.8,0,0.0,0,0.0,20,7.2,0,0.0,0,0.0,0,0.0,0,0.0
Network 12,609862,Coles,547,1,0.2,529,96.7,0,0.0,1,0.2,11,2.0,5,0.9,0,0.0,0,0.0,0,0.0
AUSL,610499,Collins HS,384,0,0.0,379,98.7,0,0.0,0,0.0,3,0.8,1,0.3,1,0.3,0,0.0,0,0.0
Network 8,610170,Columbia Explorers,"1,083",10,0.9,6,0.6,0,0.0,2,0.2,"1,057",97.6,5,0.5,2,0.2,0,0.0,1,0.1
Network 5,609863,Columbus,294,163,55.4,16,5.4,0,0.0,0,0.0,107,36.4,8,2.7,0,0.0,0,0.0,0,0.0
Contract,400038,Community Service West HS,156,0,0.0,153,98.1,0,0.0,0,0.0,1,0.6,2,1.3,0,0.0,0,0.0,0,0.0
Network 11,609864,Cook,437,0,0.0,424,97.0,0,0.0,3,0.7,4,0.9,2,0.5,0,0.0,0,0.0,4,0.9
Network 2,609866,Coonley,732,424,57.9,9,1.2,0,0.0,4,0.5,217,29.6,41,5.6,36,4.9,1,0.1,0,0.0
Network 7,609867,Cooper,635,7,1.1,10,1.6,0,0.0,4,0.6,611,96.2,1,0.2,2,0.3,0,0.0,0,0.0
Network 11,609869,Copernicus,444,0,0.0,442,99.5,0,0.0,0,0.0,2,0.5,0,0.0,0,0.0,0,0.0,0,0.0
Network 7,609870,Corkery,607,7,1.2,108,17.8,0,0.0,1,0.2,488,80.4,2,0.3,0,0.0,0,0.0,1,0.2
Network 13,609761,Corliss HS,497,1,0.2,481,96.8,0,0.0,1,0.2,12,2.4,1,0.2,0,0.0,1,0.2,0,0.0
Network 2,610355,Courtenay,631,70,11.1,255,40.4,0,0.0,3,0.5,244,38.7,10,1.6,36,5.7,4,0.6,9,1.4
Network 6,610561,Crane Med Prep HS,149,0,0.0,114,76.5,0,0.0,0,0.0,32,21.5,1,0.7,2,1.3,0,0.0,0,0.0
Network 6,609702,Crane Tech HS,162,0,0.0,154,95.1,0,0.0,2,1.2,5,3.1,1,0.6,0,0.0,0,0.0,0,0.0
OS4,609873,Crown,349,0,0.0,334,95.7,0,0.0,0,0.0,13,3.7,0,0.0,1,0.3,0,0.0,1,0.3
Network 11,610003,Cuffe,459,0,0.0,450,98.0,0,0.0,0,0.0,7,1.5,2,0.4,0,0.0,0,0.0,0,0.0
Network 13,610004,Cullen,261,0,0.0,254,97.3,0,0.0,0,0.0,5,1.9,2,0.8,0,0.0,0,0.0,0,0.0
Network 8,609756,Curie HS,"2,982",78,2.6,356,11.9,0,0.0,12,0.4,"2,449",82.1,9,0.3,77,2.6,1,0.0,0,0.0
AUSL,609900,Curtis,626,0,0.0,599,95.7,0,0.0,0,0.0,20,3.2,3,0.5,0,0.0,1,0.2,3,0.5
Network 8,610239,Daley,709,1,0.1,81,11.4,0,0.0,1,0.1,626,88.3,0,0.0,0,0.0,0,0.0,0,0.0
Network 4,609875,Darwin,593,26,4.4,67,11.3,0,0.0,0,0.0,462,77.9,2,0.3,2,0.3,0,0.0,34,5.7
Network 11,610521,Davis M. Magnet,336,0,0.0,329,97.9,0,0.0,0,0.0,4,1.2,1,0.3,1,0.3,0,0.0,1,0.3
Network 8,609876,Davis N.,916,14,1.5,11,1.2,0,0.0,0,0.0,877,95.7,2,0.2,3,0.3,1,0.1,8,0.9
Network 10,609879,Dawes,"1,028",11,1.1,207,20.1,0,0.0,9,0.9,792,77.0,4,0.4,3,0.3,2,0.2,0,0.0
Network 5,610313,De Diego,934,16,1.7,212,22.7,0,0.0,3,0.3,669,71.6,3,0.3,8,0.9,2,0.2,21,2.2
Network 2,609880,Decatur Classical,286,119,41.6,16,5.6,0,0.0,1,0.3,40,14.0,30,10.5,79,27.6,1,0.3,0,0.0
AUSL,609883,Deneen,619,3,0.5,609,98.4,0,0.0,1,0.2,3,0.5,3,0.5,0,0.0,0,0.0,0,0.0
Network 3,610367,DePriest,723,0,0.0,700,96.8,0,0.0,1,0.1,15,2.1,5,0.7,1,0.1,0,0.0,1,0.1
Network 6,610252,Dett,470,3,0.6,436,92.8,0,0.0,0,0.0,16,3.4,5,1.1,2,0.4,0,0.0,8,1.7
Network 1,609884,Dever,847,402,47.5,15,1.8,0,0.0,3,0.4,375,44.3,11,1.3,38,4.5,1,0.1,2,0.2
Network 4,610402,DeVry Advantage HS,192,19,9.9,59,30.7,0,0.0,0,0.0,98,51.0,4,2.1,12,6.3,0,0.0,0,0.0
AUSL,609885,Dewey,360,0,0.0,347,96.4,0,0.0,0,0.0,10,2.8,3,0.8,0,0.0,0,0.0,0,0.0
Network 1,609874,Dirksen,807,528,65.4,26,3.2,0,0.0,3,0.4,98,12.1,5,0.6,61,7.6,1,0.1,85,10.5
Network 1,610515,Disney II Magnet,414,185,44.7,34,8.2,1,0.2,4,1.0,149,36.0,12,2.9,23,5.6,1,0.2,5,1.2
Network 1,610564,Disney II Magnet HS,247,54,21.9,50,20.2,2,0.8,3,1.2,127,51.4,2,0.8,6,2.4,2,0.8,1,0.4
Network 2,610363,Disney Magnet,"1,678",382,22.8,639,38.1,0,0.0,17,1.0,390,23.2,74,4.4,173,10.3,2,0.1,1,0.1
Network 12,609887,Dixon,661,0,0.0,651,98.5,0,0.0,0,0.0,4,0.6,5,0.8,1,0.2,0,0.0,0,0.0
AUSL,609888,Dodge,248,1,0.4,245,98.8,0,0.0,0,0.0,2,0.8,0,0.0,0,0.0,0,0.0,0,0.0
Network 9,609891,Doolittle,304,0,0.0,298,98.0,0,0.0,0,0.0,5,1.6,1,0.3,0,0.0,0,0.0,0,0.0
Network 10,609893,Dore,646,222,34.4,18,2.8,0,0.0,1,0.2,394,61.0,4,0.6,6,0.9,1,0.2,0,0.0
Network 3,610245,Douglass HS,291,0,0.0,282,96.9,0,0.0,0,0.0,7,2.4,2,0.7,0,0.0,0,0.0,0,0.0
Network 9,609894,Drake,517,2,0.4,496,95.9,0,0.0,0,0.0,8,1.5,3,0.6,3,0.6,0,0.0,5,1.0
Network 6,609896,Drummond Magnet,349,136,39.0,20,5.7,0,0.0,0,0.0,144,41.3,30,8.6,19,5.4,0,0.0,0,0.0
Network 13,610364,DuBois,205,2,1.0,191,93.2,0,0.0,0,0.0,8,3.9,4,2.0,0,0.0,0,0.0,0,0.0
AUSL,610263,Dulles,788,2,0.3,770,97.7,0,0.0,0,0.0,9,1.1,2,0.3,1,0.1,1,0.1,3,0.4
Network 9,609676,Dunbar Voc HS,"1,188",2,0.2,"1,167",98.2,0,0.0,0,0.0,11,0.9,6,0.5,2,0.2,0,0.0,0,0.0
Network 13,610188,Dunne,294,0,0.0,289,98.3,0,0.0,0,0.0,5,1.7,0,0.0,0,0.0,0,0.0,0,0.0
Network 10,610352,Durkin Park,592,37,6.3,79,13.3,0,0.0,3,0.5,468,79.1,5,0.8,0,0.0,0,0.0,0,0.0
Network 5,610254,Dvorak,547,0,0.0,537,98.2,0,0.0,0,0.0,8,1.5,2,0.4,0,0.0,0,0.0,0,0.0
Network 9,609736,Dyett HS,83,0,0.0,79,95.2,0,0.0,1,1.2,1,1.2,2,2.4,0,0.0,0,0.0,0,0.0
Network 12,610316,Earhart,263,0,0.0,258,98.1,0,0.0,0,0.0,1,0.4,4,1.5,0,0.0,0,0.0,0,0.0
Network 11,609897,Earle,530,0,0.0,513,96.8,0,0.0,0,0.0,14,2.6,1,0.2,0,0.0,1,0.2,1,0.2
Network 10,609898,Eberhart,"1,591",28,1.8,58,3.6,0,0.0,1,0.1,"1,500",94.3,4,0.3,0,0.0,0,0.0,0,0.0
Network 1,609899,Ebinger,732,531,72.5,4,0.5,0,0.0,1,0.1,145,19.8,19,2.6,26,3.6,2,0.3,4,0.5
Network 1,609901,Edgebrook,504,342,67.9,14,2.8,0,0.0,2,0.4,74,14.7,12,2.4,54,10.7,6,1.2,0,0.0
Network 1,609794,Edison,276,144,52.2,12,4.3,0,0.0,0,0.0,40,14.5,21,7.6,57,20.7,2,0.7,0,0.0
Network 1,610523,Edison Park,470,338,71.9,3,0.6,1,0.2,1,0.2,97,20.6,0,0.0,20,4.3,2,0.4,8,1.7
Network 8,609903,Edwards,"1,520",51,3.4,8,0.5,0,0.0,13,0.9,"1,434",94.3,1,0.1,8,0.5,4,0.3,1,0.1
Network 3,609904,Ellington,735,3,0.4,704,95.8,0,0.0,1,0.1,24,3.3,2,0.3,0,0.0,0,0.0,1,0.1
Charter,400094,EPIC Acad HS,493,2,0.4,293,59.4,0,0.0,2,0.4,181,36.7,3,0.6,0,0.0,0,0.0,12,2.4
OS4,609907,Ericson Magnet,487,1,0.2,454,93.2,0,0.0,0,0.0,6,1.2,0,0.0,1,0.2,0,0.0,25,5.1
Charter,400039,Erie Charter,425,7,1.6,74,17.4,0,0.0,0,0.0,331,77.9,7,1.6,2,0.5,0,0.0,4,0.9
OS4,609908,Esmond,356,0,0.0,344,96.6,0,0.0,0,0.0,10,2.8,1,0.3,1,0.3,0,0.0,0,0.0
Network 8,609909,Everett,256,10,3.9,4,1.6,0,0.0,0,0.0,235,91.8,3,1.2,4,1.6,0,0.0,0,0.0
Network 8,610319,Evergreen Middle,388,13,3.4,9,2.3,0,0.0,0,0.0,353,91.0,4,1.0,6,1.5,1,0.3,2,0.5
Network 11,610362,Evers,395,1,0.3,394,99.7,0,0.0,0,0.0,0,0.0,0,0.0,0,0.0,0,0.0,0,0.0
Options,610565,EXCEL Acad Englewood Hs,259,0,0.0,254,98.1,0,0.0,0,0.0,3,1.2,2,0.8,0,0.0,0,0.0,0,0.0
Network 10,610057,Fairfield,575,4,0.7,192,33.4,0,0.0,4,0.7,370,64.3,4,0.7,0,0.0,0,0.0,1,0.2
Network 3,609910,Falconer,"1,434",56,3.9,25,1.7,0,0.0,6,0.4,"1,325",92.4,4,0.3,16,1.1,2,0.1,0,0.0
Network 5,610055,Faraday,347,0,0.0,336,96.8,0,0.0,1,0.3,5,1.4,2,0.6,0,0.0,0,0.0,3,0.9
Network 1,609912,Farnsworth,597,249,41.7,13,2.2,0,0.0,1,0.2,246,41.2,7,1.2,77,12.9,2,0.3,2,0.3
Network 7,609704,Farragut HS,"1,100",3,0.3,124,11.3,0,0.0,3,0.3,966,87.8,0,0.0,0,0.0,0,0.0,4,0.4
Network 13,609705,Fenger  HS,421,0,0.0,415,98.6,0,0.0,0,0.0,4,1.0,1,0.2,0,0.0,1,0.2,0,0.0
Network 13,609917,Fernwood,311,0,0.0,309,99.4,0,0.0,0,0.0,0,0.0,2,0.6,0,0.0,0,0.0,0,0.0
Network 2,609918,Field,390,9,2.3,141,36.2,0,0.0,0,0.0,198,50.8,7,1.8,35,9.0,0,0.0,0,0.0
Network 7,609967,Finkl,524,14,2.7,47,9.0,0,0.0,0,0.0,448,85.5,1,0.2,1,0.2,0,0.0,13,2.5
Network 9,609919,Fiske,507,0,0.0,500,98.6,0,0.0,0,0.0,5,1.0,1,0.2,0,0.0,0,0.0,1,0.2
Charter,400042,Ford Power House Chrt HS,179,1,0.6,162,90.5,0,0.0,1,0.6,11,6.1,0,0.0,0,0.0,0,0.0,4,2.2
Network 1,609708,Foreman HS,"1,507",57,3.8,222,14.7,0,0.0,5,0.3,"1,201",79.7,6,0.4,10,0.7,2,0.1,4,0.3
Network 11,609924,Fort Dearborn,416,0,0.0,412,99.0,0,0.0,0,0.0,0,0.0,4,1.0,0,0.0,0,0.0,0,0.0
Network 11,609927,Foster Park,395,0,0.0,388,98.2,0,0.0,0,0.0,6,1.5,0,0.0,1,0.3,0,0.0,0,0.0
Network 4,609926,Franklin Magnet,371,123,33.2,136,36.7,0,0.0,0,0.0,73,19.7,16,4.3,23,6.2,0,0.0,0,0.0
Network 5,610503,Frazier International,265,1,0.4,260,98.1,0,0.0,0,0.0,2,0.8,0,0.0,0,0.0,0,0.0,2,0.8
Charter,400040,Frazier Prep Acad,456,1,0.2,408,89.5,0,0.0,0,0.0,3,0.7,0,0.0,0,0.0,0,0.0,44,9.6
AUSL,609928,Fuller,299,0,0.0,290,97.0,0,0.0,0,0.0,8,2.7,1,0.3,0,0.0,0,0.0,0,0.0
Network 11,609929,Fulton,498,4,0.8,309,62.0,0,0.0,1,0.2,184,36.9,0,0.0,0,0.0,0,0.0,0,0.0
Network 4,609930,Funston,591,5,0.8,71,12.0,0,0.0,2,0.3,510,86.3,1,0.2,2,0.3,0,0.0,0,0.0
Network 8,609709,Gage Park HS,613,6,1.0,295,48.1,0,0.0,3,0.5,304,49.6,3,0.5,1,0.2,1,0.2,0,0.0
Charter,400041,Galapagos Charter,346,0,0.0,299,86.4,0,0.0,0,0.0,18,5.2,0,0.0,0,0.0,0,0.0,29,8.4
Network 2,609933,Gale,462,18,3.9,284,61.5,0,0.0,1,0.2,112,24.2,10,2.2,33,7.1,1,0.2,3,0.6
Network 6,610009,Galileo Magnet,559,28,5.0,129,23.1,0,0.0,0,0.0,364,65.1,17,3.0,19,3.4,2,0.4,0,0.0
Network 13,609935,Gallistel Magnet,"1,326",17,1.3,26,2.0,0,0.0,8,0.6,"1,272",95.9,2,0.2,0,0.0,0,0.0,1,0.1
Network 13,610128,Garvey M.,292,0,0.0,292,100.0,0,0.0,0,0.0,0,0.0,0,0.0,0,0.0,0,0.0,0,0.0
Network 1,609937,Garvy J.,792,473,59.7,11,1.4,0,0.0,2,0.3,213,26.9,19,2.4,60,7.6,8,1.0,6,0.8
Network 7,609938,Gary,"1,206",5,0.4,4,0.3,0,0.0,6,0.5,"1,189",98.6,0,0.0,2,0.2,0,0.0,0,0.0
Network 12,609939,Gillespie,601,0,0.0,592,98.5,0,0.0,0,0.0,6,1.0,2,0.3,0,0.0,0,0.0,1,0.2
Charter,400009,Globel Citizenship,350,31,8.9,11,3.1,0,0.0,2,0.6,298,85.1,3,0.9,1,0.3,0,0.0,4,1.1
Network 4,609942,Goethe,807,100,12.4,18,2.2,0,0.0,15,1.9,652,80.8,14,1.7,3,0.4,1,0.1,4,0.5
Network 13,609943,Gompers,526,0,0.0,510,97.0,0,0.0,0,0.0,5,1.0,0,0.0,0,0.0,0,0.0,11,2.1
Network 10,610558,Goode STEM Acad,462,5,1.1,276,59.7,0,0.0,3,0.6,168,36.4,7,1.5,1,0.2,0,0.0,2,0.4
Network 2,609945,Goudy,797,53,6.6,176,22.1,0,0.0,6,0.8,249,31.2,5,0.6,307,38.5,1,0.1,0,0.0
Network 6,609947,Graham A.,476,145,30.5,126,26.5,0,0.0,0,0.0,201,42.2,1,0.2,2,0.4,1,0.2,0,0.0
Network 6,609769,Graham R. Trng CTR,123,5,4.1,64,52.0,0,0.0,0,0.0,51,41.5,1,0.8,2,1.6,0,0.0,0,0.0
Network 1,609949,Gray,"1,303",140,10.7,16,1.2,0,0.0,3,0.2,"1,100",84.4,12,0.9,27,2.1,0,0.0,5,0.4
Network 4,609850,Greeley,637,71,11.1,87,13.7,0,0.0,4,0.6,450,70.6,11,1.7,14,2.2,0,0.0,0,0.0
Network 11,610032,Green W.,302,0,0.0,293,97.0,0,0.0,0,0.0,4,1.3,4,1.3,1,0.3,0,0.0,0,0.0
Network 8,609952,Greene N.,642,32,5.0,18,2.8,0,0.0,2,0.3,577,89.9,2,0.3,9,1.4,0,0.0,2,0.3
Network 5,609954,Gregory,435,0,0.0,430,98.9,0,0.0,0,0.0,3,0.7,0,0.0,0,0.0,0,0.0,2,0.5
Network 11,609955,Gresham,318,0,0.0,316,99.4,0,0.0,0,0.0,1,0.3,1,0.3,0,0.0,0,0.0,0,0.0
Network 10,609956,Grimes,477,62,13.0,3,0.6,0,0.0,0,0.0,406,85.1,2,0.4,4,0.8,0,0.0,0,0.0
Network 13,609944,Grissom,339,71,20.9,21,6.2,0,0.0,3,0.9,241,71.1,2,0.6,1,0.3,0,0.0,0,0.0
Network 8,609958,Gunsaulus Magnet,862,18,2.1,44,5.1,0,0.0,6,0.7,759,88.1,6,0.7,21,2.4,2,0.2,6,0.7
Network 6,609959,Haines,672,1,0.1,86,12.8,0,0.0,0,0.0,12,1.8,4,0.6,561,83.5,8,1.2,0,0.0
Network 10,609960,Hale,872,254,29.1,6,0.7,0,0.0,7,0.8,588,67.4,7,0.8,9,1.0,1,0.1,0,0.0
Network 13,609808,Haley,651,1,0.2,634,97.4,0,0.0,0,0.0,11,1.7,4,0.6,0,0.0,0,0.0,1,0.2
Network 4,609963,Hamilton,381,189,49.6,40,10.5,0,0.0,1,0.3,109,28.6,22,5.8,17,4.5,3,0.8,0,0.0
Network 8,609964,Hamline,681,8,1.2,69,10.1,0,0.0,1,0.1,595,87.4,5,0.7,3,0.4,0,0.0,0,0.0
OS4,609966,Hammond,515,6,1.2,49,9.5,0,0.0,0,0.0,460,89.3,0,0.0,0,0.0,0,0.0,0,0.0
Network 10,609807,Hampton,614,2,0.3,304,49.5,0,0.0,5,0.8,282,45.9,4,0.7,0,0.0,0,0.0,17,2.8
OS4,609694,Hancock HS,928,38,4.1,8,0.9,0,0.0,2,0.2,867,93.4,5,0.5,5,0.5,1,0.1,2,0.2
Network 3,610068,Hanson Park,"1,612",22,1.4,42,2.6,0,0.0,5,0.3,"1,539",95.5,2,0.1,1,0.1,0,0.0,1,0.1
Network 12,609710,Harlan HS,918,0,0.0,904,98.5,0,0.0,1,0.1,6,0.7,6,0.7,1,0.1,0,0.0,0,0.0
Network 11,609711,Harper HS,482,1,0.2,468,97.1,0,0.0,0,0.0,11,2.3,1,0.2,0,0.0,0,0.0,1,0.2
Network 9,609969,Harte,363,15,4.1,305,84.0,0,0.0,4,1.1,28,7.7,9,2.5,2,0.6,0,0.0,0,0.0
AUSL,609971,Harvard,501,1,0.2,498,99.4,0,0.0,0,0.0,0,0.0,1,0.2,0,0.0,1,0.2,0,0.0
Network 1,609972,Haugan,"1,207",71,5.9,39,3.2,0,0.0,3,0.2,"1,000",82.9,11,0.9,67,5.6,3,0.2,13,1.1
Network 4,609974,Hawthorne Magnet,574,285,49.7,59,10.3,0,0.0,10,1.7,129,22.5,40,7.0,42,7.3,9,1.6,0,0.0
Network 3,609975,Hay,541,2,0.4,491,90.8,0,0.0,0,0.0,42,7.8,2,0.4,1,0.2,0,0.0,3,0.6
Network 2,609976,Hayt,984,107,10.9,167,17.0,0,0.0,12,1.2,479,48.7,13,1.3,198,20.1,6,0.6,2,0.2
Network 6,609979,Healy,"1,418",136,9.6,15,1.1,0,0.0,1,0.1,355,25.0,18,1.3,859,60.6,34,2.4,0,0.0
Network 10,609981,Hearst,353,4,1.1,162,45.9,0,0.0,0,0.0,182,51.6,4,1.1,0,0.0,1,0.3,0,0.0
Network 8,609983,Hedges,850,14,1.6,29,3.4,0,0.0,3,0.4,801,94.2,1,0.1,0,0.0,0,0.0,2,0.2
Network 5,609985,Hefferan,427,2,0.5,419,98.1,0,0.0,1,0.2,4,0.9,1,0.2,0,0.0,0,0.0,0,0.0
Network 11,609986,Henderson,370,0,0.0,354,95.7,0,0.0,0,0.0,15,4.1,1,0.3,0,0.0,0,0.0,0,0.0
Network 9,609987,Hendricks,271,1,0.4,247,91.1,0,0.0,0,0.0,17,6.3,2,0.7,1,0.4,0,0.0,3,1.1
Network 1,609988,Henry,683,34,5.0,31,4.5,0,0.0,6,0.9,511,74.8,3,0.4,19,2.8,5,0.7,74,10.8
Network 8,610532,Hernandez,916,7,0.8,21,2.3,0,0.0,4,0.4,879,96.0,2,0.2,0,0.0,0,0.0,3,0.3
AUSL,609991,Herzl,554,2,0.4,529,95.5,0,0.0,0,0.0,18,3.2,4,0.7,0,0.0,1,0.2,0,0.0
Network 1,609994,Hibbard,"1,221",63,5.2,74,6.1,0,0.0,9,0.7,948,77.6,13,1.1,102,8.4,1,0.1,11,0.9
Network 13,610295,Higgins,410,0,0.0,403,98.3,0,0.0,0,0.0,6,1.5,1,0.2,0,0.0,0,0.0,0,0.0
Network 11,610299,Hinton,248,0,0.0,244,98.4,0,0.0,0,0.0,4,1.6,0,0.0,0,0.0,0,0.0,0,0.0
Network 12,609712,Hirsch HS,273,1,0.4,270,98.9,0,0.0,0,0.0,2,0.7,0,0.0,0,0.0,0,0.0,0,0.0
Network 1,609995,Hitch,586,261,44.5,7,1.2,0,0.0,2,0.3,226,38.6,24,4.1,64,10.9,0,0.0,2,0.3
Network 6,609996,Holden,528,55,10.4,36,6.8,0,0.0,2,0.4,340,64.4,10,1.9,85,16.1,0,0.0,0,0.0
OS4,609997,Holmes,274,0,0.0,269,98.2,0,0.0,0,0.0,2,0.7,3,1.1,0,0.0,0,0.0,0,0.0
Network 11,609768,Hope CPHS,391,1,0.3,373,95.4,0,0.0,0,0.0,15,3.8,1,0.3,1,0.3,0,0.0,0,0.0
Contract,400043,Hope Inst Learning Acad,398,9,2.3,342,85.9,0,0.0,1,0.3,34,8.5,3,0.8,4,1.0,0,0.0,5,1.3
AUSL,610000,Howe,646,2,0.3,621,96.1,0,0.0,1,0.2,18,2.8,2,0.3,1,0.2,0,0.0,1,0.2
Network 12,610002,Hoyne,253,0,0.0,242,95.7,0,0.0,0,0.0,7,2.8,4,1.6,0,0.0,0,0.0,0,0.0
Network 10,609741,Hubbard HS,"1,615",53,3.3,85,5.3,0,0.0,6,0.4,"1,413",87.5,1,0.1,57,3.5,0,0.0,0,0.0
Network 5,610005,Hughes C.,329,3,0.9,316,96.0,0,0.0,0,0.0,7,2.1,1,0.3,1,0.3,0,0.0,1,0.3
Network 13,610368,Hughes L.,606,2,0.3,597,98.5,0,0.0,0,0.0,7,1.2,0,0.0,0,0.0,0,0.0,0,0.0
Network 10,610006,Hurley,854,3,0.4,8,0.9,0,0.0,0,0.0,843,98.7,0,0.0,0,0.0,0,0.0,0,0.0
Network 9,609713,Hyde Park HS,"1,001",0,0.0,989,98.8,0,0.0,0,0.0,4,0.4,7,0.7,0,0.0,0,0.0,1,0.1
Charter,400148,IJLA Chtr - Leadership  HS,165,3,1.8,5,3.0,0,0.0,1,0.6,152,92.1,0,0.0,1,0.6,0,0.0,3,1.8
Charter,400164,IJLA Chtr - Lozano HS,81,1,1.2,1,1.2,0,0.0,1,1.2,76,93.8,0,0.0,0,0.0,0,0.0,2,2.5
Network 7,610384,Infinity HS,411,1,0.2,19,4.6,0,0.0,1,0.2,390,94.9,0,0.0,0,0.0,0,0.0,0,0.0
Charter,400104,Instituto Health Acad HS,762,11,1.4,33,4.3,0,0.0,4,0.5,711,93.3,0,0.0,1,0.1,0,0.0,2,0.3
Network 4,610078,Inter-American Magnet,667,74,11.1,10,1.5,0,0.0,2,0.3,561,84.1,9,1.3,8,1.2,0,0.0,3,0.4
Charter,400162,Intrinsic Chtr HS,184,13,7.1,43,23.4,1,0.5,1,0.5,116,63.0,2,1.1,4,2.2,1,0.5,3,1.6
Network 6,610121,Irving,488,11,2.3,313,64.1,0,0.0,1,0.2,134,27.5,7,1.4,11,2.3,0,0.0,11,2.3
Network 6,610060,Jackson A. Magnet,567,124,21.9,151,26.6,0,0.0,1,0.2,156,27.5,15,2.6,120,21.2,0,0.0,0,0.0
Network 11,610369,Jackson M.,339,0,0.0,334,98.5,0,0.0,0,0.0,4,1.2,1,0.3,0,0.0,0,0.0,0,0.0
Network 4,610010,Jahn,469,51,10.9,67,14.3,0,0.0,2,0.4,331,70.6,13,2.8,5,1.1,0,0.0,0,0.0
Network 2,610011,Jamieson,900,282,31.3,41,4.6,0,0.0,4,0.4,301,33.4,40,4.4,230,25.6,1,0.1,1,0.1
Options,609783,Jefferson N.,252,6,2.4,216,85.7,0,0.0,0,0.0,30,11.9,0,0.0,0,0.0,0,0.0,0,0.0
Network 6,610012,Jenner,278,0,0.0,271,97.5,0,0.0,0,0.0,6,2.2,0,0.0,1,0.4,0,0.0,0,0.0
Network 5,610271,Jensen Magnet,503,0,0.0,463,92.0,0,0.0,1,0.2,17,3.4,0,0.0,0,0.0,0,0.0,22,4.4
AUSL,610274,Johnson,435,0,0.0,430,98.9,0,0.0,0,0.0,5,1.1,0,0.0,0,0.0,0,0.0,0,0.0
Network 6,609678,Jones CPHS,"1,124",324,28.8,236,21.0,2,0.2,4,0.4,349,31.0,35,3.1,107,9.5,3,0.3,64,5.7
OS4,609805,Joplin,484,1,0.2,472,97.5,0,0.0,0,0.0,5,1.0,3,0.6,0,0.0,0,0.0,3,0.6
Network 2,609865,Jordan,656,13,2.0,244,37.2,0,0.0,4,0.6,372,56.7,9,1.4,12,1.8,1,0.2,1,0.2
OS4,609764,Juarez HS,"1,684",18,1.1,41,2.4,0,0.0,9,0.5,"1,583",94.0,10,0.6,22,1.3,1,0.1,0,0.0
OS4,609762,Julian HS,"1,057",1,0.1,"1,040",98.4,0,0.0,1,0.1,10,0.9,5,0.5,0,0.0,0,0.0,0,0.0
Network 7,610015,Jungman,272,1,0.4,7,2.6,0,0.0,2,0.7,259,95.2,0,0.0,0,0.0,0,0.0,3,1.1
Network 7,609920,Kanoon Magnet,747,2,0.3,5,0.7,0,0.0,0,0.0,739,98.9,1,0.1,0,0.0,0,0.0,0,0.0
Network 10,610084,Keller,248,90,36.3,93,37.5,0,0.0,0,0.0,32,12.9,8,3.2,22,8.9,2,0.8,1,0.4
Network 5,609925,Kellman,439,0,0.0,429,97.7,0,0.0,0,0.0,6,1.4,3,0.7,0,0.0,1,0.2,0,0.0
Network 10,610016,Kellogg,265,29,10.9,209,78.9,0,0.0,2,0.8,13,4.9,12,4.5,0,0.0,0,0.0,0,0.0
OS4,609715,Kelly HS,"2,537",53,2.1,45,1.8,0,0.0,10,0.4,"2,073",81.7,3,0.1,351,13.8,1,0.0,1,0.0
OS4,609716,Kelvyn Park HS,890,20,2.2,47,5.3,0,0.0,3,0.3,791,88.9,19,2.1,1,0.1,0,0.0,9,1.0
Network 10,609718,Kennedy HS,"1,506",385,25.6,66,4.4,0,0.0,7,0.5,"1,031",68.5,4,0.3,8,0.5,5,0.3,0,0.0
Network 9,609746,Kenwood HS,"1,814",27,1.5,"1,551",85.5,1,0.1,2,0.1,74,4.1,45,2.5,55,3.0,1,0.1,58,3.2
Network 11,610019,Kershaw Magnet,277,0,0.0,273,98.6,0,0.0,0,0.0,3,1.1,1,0.4,0,0.0,0,0.0,0,0.0
Network 2,610022,Kilmer,804,35,4.4,208,25.9,0,0.0,3,0.4,460,57.2,19,2.4,75,9.3,0,0.0,4,0.5
Network 9,609751,King CPHS,804,8,1.0,737,91.7,0,0.0,0,0.0,41,5.1,6,0.7,12,1.5,0,0.0,0,0.0
Network 10,610026,Kinzie,684,213,31.1,26,3.8,0,0.0,5,0.7,437,63.9,3,0.4,0,0.0,0,0.0,0,0.0
Network 11,610027,Kipling,402,1,0.2,394,98.0,0,0.0,0,0.0,3,0.7,2,0.5,1,0.2,1,0.2,0,0.0
Charter,400044,KIPP Ascend Charter,744,2,0.3,692,93.0,0,0.0,2,0.3,39,5.2,2,0.3,0,0.0,0,0.0,7,0.9
Charter,400163,KIPP Create Charter,84,0,0.0,81,96.4,0,0.0,0,0.0,0,0.0,2,2.4,0,0.0,0,0.0,1,1.2
Network 9,610030,Kozminski,394,3,0.8,377,95.7,0,0.0,0,0.0,9,2.3,4,1.0,0,0.0,1,0.3,0,0.0
Network 2,609719,Lake View HS,"1,436",182,12.7,173,12.0,0,0.0,9,0.6,932,64.9,31,2.2,105,7.3,4,0.3,0,0.0
Network 4,609720,Lane Tech HS,"4,120","1,237",30.0,359,8.7,2,0.0,25,0.6,"1,883",45.7,94,2.3,427,10.4,14,0.3,79,1.9
Network 8,609993,Lara,540,8,1.5,18,3.3,0,0.0,0,0.0,512,94.8,1,0.2,1,0.2,0,0.0,0,0.0
Network 6,610520,LaSalle II Magnet,623,170,27.3,131,21.0,0,0.0,2,0.3,279,44.8,21,3.4,18,2.9,2,0.3,0,0.0
Network 4,610033,LaSalle Magnet,555,186,33.5,157,28.3,0,0.0,0,0.0,117,21.1,45,8.1,48,8.6,2,0.4,0,0.0
Network 13,610208,Lavizzo,401,0,0.0,395,98.5,0,0.0,0,0.0,6,1.5,0,0.0,0,0.0,0,0.0,0,0.0
OS4,610034,Lawndale,480,0,0.0,474,98.8,0,0.0,0,0.0,3,0.6,1,0.2,0,0.0,0,0.0,2,0.4
Charter,400046,LEARN Chtr -  Butler,634,1,0.2,600,94.6,0,0.0,0,0.0,4,0.6,1,0.2,0,0.0,0,0.0,28,4.4
Charter,400151,LEARN Chtr - 7th Campus,201,0,0.0,170,84.6,0,0.0,0,0.0,5,2.5,1,0.5,0,0.0,1,0.5,24,11.9
Charter,400048,LEARN Chtr - EXCEL,401,0,0.0,368,91.8,0,0.0,1,0.2,6,1.5,0,0.0,1,0.2,0,0.0,25,6.2
Charter,400111,LEARN Chtr - Hunter Perkins,398,0,0.0,307,77.1,0,0.0,0,0.0,3,0.8,1,0.3,0,0.0,0,0.0,87,21.9
Charter,400165,LEARN Chtr - Middle,200,0,0.0,192,96.0,0,0.0,0,0.0,4,2.0,0,0.0,0,0.0,0,0.0,4,2.0
Charter,400047,LEARN Chtr - North Lawndale,442,0,0.0,436,98.6,0,0.0,0,0.0,4,0.9,0,0.0,0,0.0,0,0.0,2,0.5
Charter,400107,LEARN Chtr - South Shore,383,0,0.0,298,77.8,0,0.0,1,0.3,32,8.4,1,0.3,0,0.0,0,0.0,51,13.3
Network 10,610291,Lee,878,24,2.7,8,0.9,0,0.0,4,0.5,841,95.8,0,0.0,1,0.1,0,0.0,0,0.0
Charter,400049,Legacy Charter,496,1,0.2,449,90.5,0,0.0,2,0.4,13,2.6,0,0.0,0,0.0,0,0.0,31,6.3
Charter,400119,Legal Prep Acad Chtr,228,0,0.0,223,97.8,0,0.0,0,0.0,4,1.8,0,0.0,0,0.0,0,0.0,1,0.4
Network 3,610305,Leland,673,1,0.1,661,98.2,0,0.0,1,0.1,9,1.3,1,0.1,0,0.0,0,0.0,0,0.0
Network 11,610298,Lenart,303,49,16.2,179,59.1,0,0.0,2,0.7,15,5.0,11,3.6,45,14.9,2,0.7,0,0.0
AUSL,610036,Lewis,488,6,1.2,394,80.7,0,0.0,0,0.0,78,16.0,1,0.2,1,0.2,1,0.2,7,1.4
Network 11,610037,Libby,510,1,0.2,432,84.7,0,0.0,0,0.0,75,14.7,2,0.4,0,0.0,0,0.0,0,0.0
Network 4,610038,Lincoln,808,518,64.1,92,11.4,0,0.0,7,0.9,71,8.8,51,6.3,69,8.5,0,0.0,0,0.0
Network 4,609738,Lincoln Park HS,"2,230",629,28.2,535,24.0,0,0.0,7,0.3,728,32.6,94,4.2,232,10.4,1,0.0,4,0.2
Network 11,610391,Lindblom MSHS,"1,156",27,2.3,800,69.2,0,0.0,3,0.3,297,25.7,8,0.7,16,1.4,2,0.2,3,0.3
Network 4,610039,Linne,677,22,3.2,8,1.2,0,0.0,1,0.1,586,86.6,7,1.0,10,1.5,1,0.1,42,6.2
Options,400137,Little Black Pearl HS,148,1,0.7,146,98.6,0,0.0,0,0.0,1,0.7,0,0.0,0,0.0,0,0.0,0,0.0
Network 7,609834,Little Village,868,2,0.2,0,0.0,0,0.0,1,0.1,865,99.7,0,0.0,0,0.0,0,0.0,0,0.0
Network 3,610040,Lloyd,"1,268",12,0.9,28,2.2,0,0.0,4,0.3,"1,219",96.1,3,0.2,2,0.2,0,0.0,0,0.0
Charter,400011,Locke A. Charter,570,0,0.0,562,98.6,0,0.0,0,0.0,7,1.2,1,0.2,0,0.0,0,0.0,0,0.0
Network 3,610041,Locke J.,"1,389",150,10.8,32,2.3,0,0.0,9,0.6,"1,144",82.4,2,0.1,39,2.8,12,0.9,1,0.1
Network 4,610325,Logandale Middle,894,20,2.2,43,4.8,0,0.0,1,0.1,814,91.1,11,1.2,5,0.6,0,0.0,0,0.0
Network 4,610541,Lorca,905,33,3.6,12,1.3,0,0.0,5,0.6,808,89.3,4,0.4,8,0.9,0,0.0,35,3.9
Network 3,610043,Lovett,469,2,0.4,396,84.4,0,0.0,0,0.0,70,14.9,1,0.2,0,0.0,0,0.0,0,0.0
Network 5,610044,Lowell,644,13,2.0,170,26.4,0,0.0,0,0.0,455,70.7,4,0.6,1,0.2,0,0.0,1,0.2
Network 6,610029,Lozano Bilingual,290,8,2.8,32,11.0,0,0.0,1,0.3,247,85.2,1,0.3,0,0.0,1,0.3,0,0.0
Network 3,610046,Lyon,"1,425",82,5.8,27,1.9,0,0.0,15,1.1,"1,261",88.5,8,0.6,22,1.5,2,0.1,8,0.6
Network 7,610215,Madero Middle,316,2,0.6,2,0.6,0,0.0,0,0.0,311,98.4,1,0.3,0,0.0,0,0.0,0,0.0
Network 12,610047,Madison,233,0,0.0,230,98.7,0,0.0,0,0.0,2,0.9,1,0.4,0,0.0,0,0.0,0,0.0
Options,610574,Mandela HS,115,3,2.6,101,87.8,0,0.0,0,0.0,11,9.6,0,0.0,0,0.0,0,0.0,0,0.0
OS4,610048,Manierre,359,0,0.0,347,96.7,0,0.0,0,0.0,6,1.7,2,0.6,0,0.0,0,0.0,4,1.1
Network 5,609722,Manley HS,450,0,0.0,441,98.0,0,0.0,0,0.0,9,2.0,0,0.0,0,0.0,0,0.0,0,0.0
Network 12,610052,Mann,423,1,0.2,419,99.1,0,0.0,0,0.0,1,0.2,2,0.5,0,0.0,0,0.0,0,0.0
Military,610502,Marine Math & Sci Mil HS,401,5,1.2,135,33.7,0,0.0,2,0.5,253,63.1,2,0.5,4,1.0,0,0.0,0,0.0
AUSL,610053,Marquette,"1,296",17,1.3,532,41.0,0,0.0,4,0.3,737,56.9,5,0.4,0,0.0,0,0.0,1,0.1
Network 13,610054,Marsh,882,10,1.1,58,6.6,0,0.0,5,0.6,806,91.4,2,0.2,0,0.0,1,0.1,0,0.0
Network 5,609723,Marshall HS,624,1,0.2,606,97.1,0,0.0,0,0.0,12,1.9,3,0.5,1,0.2,0,0.0,1,0.2
Network 1,610321,Marshall Middle,275,14,5.1,11,4.0,0,0.0,2,0.7,236,85.8,3,1.1,6,2.2,1,0.4,2,0.7
Network 5,610056,Mason,485,0,0.0,481,99.2,0,0.0,0,0.0,3,0.6,1,0.2,0,0.0,0,0.0,0,0.0
Network 2,609724,Mather HS,"1,623",341,21.0,202,12.4,3,0.2,11,0.7,604,37.2,28,1.7,426,26.2,6,0.4,2,0.1
Network 4,610059,Mayer Magnet,614,340,55.4,100,16.3,1,0.2,4,0.7,122,19.9,15,2.4,14,2.3,7,1.1,11,1.8
Network 11,610290,Mays,606,0,0.0,590,97.4,0,0.0,1,0.2,9,1.5,2,0.3,2,0.3,0,0.0,2,0.3
Network 4,609968,McAuliffe,677,18,2.7,36,5.3,0,0.0,2,0.3,609,90.0,2,0.3,0,0.0,0,0.0,10,1.5
Network 6,610062,McClellan,293,40,13.7,74,25.3,0,0.0,3,1.0,150,51.2,11,3.8,9,3.1,0,0.0,6,2.0
Network 7,610063,McCormick,875,4,0.5,2,0.2,0,0.0,3,0.3,866,99.0,0,0.0,0,0.0,0,0.0,0,0.0
Network 2,610269,McCutcheon,502,24,4.8,235,46.8,0,0.0,1,0.2,125,24.9,12,2.4,103,20.5,0,0.0,2,0.4
Network 12,610066,McDade Classical,189,3,1.6,179,94.7,0,0.0,0,0.0,3,1.6,1,0.5,2,1.1,1,0.5,0,0.0
Network 12,610312,McDowell,194,1,0.5,181,93.3,0,0.0,0,0.0,5,2.6,6,3.1,1,0.5,0,0.0,0,0.0
Network 10,610067,McKay,884,1,0.1,760,86.0,0,0.0,4,0.5,114,12.9,3,0.3,0,0.0,1,0.1,1,0.1
Network 8,610353,McKinley Park,811,9,1.1,11,1.4,0,0.0,3,0.4,733,90.4,2,0.2,15,1.8,0,0.0,38,4.7
Network 3,610282,McNair,382,1,0.3,355,92.9,0,0.0,1,0.3,23,6.0,2,0.5,0,0.0,0,0.0,0,0.0
Network 2,610070,McPherson,827,110,13.3,50,6.0,0,0.0,7,0.8,582,70.4,13,1.6,58,7.0,0,0.0,7,0.8
Network 5,610293,Melody,618,0,0.0,602,97.4,0,0.0,0,0.0,11,1.8,0,0.0,0,0.0,1,0.2,4,0.6
Network 13,609902,Metcalfe,530,1,0.2,522,98.5,0,0.0,0,0.0,3,0.6,3,0.6,0,0.0,1,0.2,0,0.0
Network 12,610171,Mireles,744,7,0.9,368,49.5,0,0.0,2,0.3,365,49.1,1,0.1,0,0.0,1,0.1,0,0.0
Network 5,610073,Mitchell,362,83,22.9,33,9.1,0,0.0,4,1.1,229,63.3,9,2.5,1,0.3,3,0.8,0,0.0
Options,610566,MJ Bridgescape - Nth Lawndale HS,138,0,0.0,121,87.7,0,0.0,0,0.0,16,11.6,0,0.0,0,0.0,0,0.0,1,0.7
Network 9,610276,Mollison,505,0,0.0,498,98.6,0,0.0,0,0.0,2,0.4,0,0.0,0,0.0,0,0.0,5,1.0
Network 4,610074,Monroe,"1,053",21,2.0,15,1.4,0,0.0,1,0.1,"1,011",96.0,2,0.2,3,0.3,0,0.0,0,0.0
Network 6,610075,Montefiore,58,0,0.0,45,77.6,0,0.0,0,0.0,13,22.4,0,0.0,0,0.0,0,0.0,0,0.0
Charter,400116,Montessori Englewood Chtr,205,0,0.0,170,82.9,0,0.0,0,0.0,8,3.9,2,1.0,0,0.0,0,0.0,25,12.2
Network 5,610076,Moos,500,10,2.0,72,14.4,0,0.0,2,0.4,410,82.0,1,0.2,5,1.0,0,0.0,0,0.0
OS4,609725,Morgan Park HS,"1,431",18,1.3,"1,376",96.2,0,0.0,1,0.1,21,1.5,13,0.9,1,0.1,1,0.1,0,0.0
Network 10,610077,Morrill,816,4,0.5,357,43.8,0,0.0,0,0.0,448,54.9,6,0.7,0,0.0,0,0.0,1,0.1
AUSL,610257,Morton,412,1,0.2,389,94.4,0,0.0,1,0.2,21,5.1,0,0.0,0,0.0,0,0.0,0,0.0
Network 4,610088,Mozart,836,10,1.2,41,4.9,0,0.0,0,0.0,760,90.9,1,0.1,0,0.0,0,0.0,24,2.9
Network 10,610082,Mt Greenwood,999,819,82.0,15,1.5,0,0.0,4,0.4,137,13.7,7,0.7,8,0.8,8,0.8,1,0.1
Network 13,610086,Mt Vernon,300,0,0.0,299,99.7,0,0.0,0,0.0,0,0.0,0,0.0,0,0.0,1,0.3,0,0.0
Network 7,610385,Multicultural Arts HS,280,1,0.4,39,13.9,0,0.0,3,1.1,236,84.3,0,0.0,0,0.0,0,0.0,1,0.4
Network 1,610089,Murphy,606,63,10.4,9,1.5,0,0.0,1,0.2,493,81.4,23,3.8,12,2.0,1,0.2,4,0.7
Network 9,610090,Murray Magnet,535,32,6.0,433,80.9,0,0.0,1,0.2,27,5.0,26,4.9,16,3.0,0,0.0,0,0.0
Charter,400050,Namaste Charter,483,44,9.1,20,4.1,0,0.0,1,0.2,410,84.9,2,0.4,5,1.0,1,0.2,0,0.0
Network 3,610092,Nash,403,1,0.2,378,93.8,0,0.0,0,0.0,17,4.2,5,1.2,0,0.0,0,0.0,2,0.5
AUSL,610231,Natl Teachers Acad,585,13,2.2,535,91.5,0,0.0,0,0.0,20,3.4,7,1.2,9,1.5,0,0.0,1,0.2
Network 12,610093,Neil,346,0,0.0,336,97.1,0,0.0,1,0.3,7,2.0,1,0.3,0,0.0,0,0.0,1,0.3
Network 4,610094,Nettelhorst,797,478,60.0,79,9.9,0,0.0,4,0.5,135,16.9,37,4.6,48,6.0,16,2.0,0,0.0
Network 2,610284,New Field,589,48,8.1,126,21.4,0,0.0,5,0.8,350,59.4,9,1.5,46,7.8,1,0.2,4,0.7
OS4,610323,New Millenium HS,464,2,0.4,362,78.0,0,0.0,3,0.6,93,20.0,4,0.9,0,0.0,0,0.0,0,0.0
Network 4,610095,Newberry Magnet,563,127,22.6,217,38.5,0,0.0,0,0.0,165,29.3,22,3.9,29,5.2,1,0.2,2,0.4
Network 11,609793,Nicholson,570,1,0.2,559,98.1,0,0.0,1,0.2,5,0.9,1,0.2,1,0.2,2,0.4,0,0.0
Network 8,610096,Nightingale,"1,389",11,0.8,6,0.4,0,0.0,3,0.2,"1,369",98.6,0,0.0,0,0.0,0,0.0,0,0.0
Network 12,609961,Ninos Heroes,436,4,0.9,345,79.1,0,0.0,3,0.7,83,19.0,1,0.2,0,0.0,0,0.0,0,0.0
Network 4,610097,Nixon,"1,059",11,1.0,25,2.4,0,0.0,9,0.8,"1,009",95.3,3,0.3,1,0.1,1,0.1,0,0.0
Charter,400045,Nkrumah Academy,217,0,0.0,214,98.6,0,0.0,0,0.0,1,0.5,1,0.5,0,0.0,0,0.0,1,0.5
Network 5,610098,Nobel,842,3,0.4,118,14.0,0,0.0,6,0.7,702,83.4,5,0.6,0,0.0,0,0.0,8,1.0
Charter,400052,Nobel St Chtr HS - Comer,950,1,0.1,892,93.9,0,0.0,0,0.0,43,4.5,13,1.4,0,0.0,0,0.0,1,0.1
Charter,400057,Nobel St Chtr HS - UIC College Prep,851,22,2.6,201,23.6,0,0.0,4,0.5,576,67.7,8,0.9,36,4.2,0,0.0,4,0.5
Charter,400117,Noble St Chtr HS - Auburn-Grensham,498,0,0.0,488,98.0,0,0.0,0,0.0,8,1.6,0,0.0,1,0.2,0,0.0,1,0.2
Charter,400097,Noble St Chtr HS - Chgo Bulls College,"1,079",9,0.8,303,28.1,0,0.0,3,0.3,742,68.8,9,0.8,7,0.6,1,0.1,5,0.5
Charter,400056,Noble St Chtr HS - Clark,662,5,0.8,466,70.4,0,0.0,0,0.0,173,26.1,7,1.1,2,0.3,0,0.0,9,1.4
Charter,400156,Noble St Chtr HS - Crimson Campus,102,0,0.0,99,97.1,0,0.0,0,0.0,1,1.0,0,0.0,0,0.0,0,0.0,2,2.0
Charter,400106,Noble St Chtr HS - Englewood HS,773,1,0.1,738,95.5,0,0.0,1,0.1,20,2.6,5,0.6,4,0.5,0,0.0,4,0.5
Charter,400053,Noble St Chtr HS - Golder,635,21,3.3,82,12.9,1,0.2,2,0.3,524,82.5,1,0.2,2,0.3,1,0.2,1,0.2
Charter,400118,Noble St Chtr HS - Homan Square,431,6,1.4,372,86.3,0,0.0,0,0.0,46,10.7,2,0.5,0,0.0,0,0.0,5,1.2
Charter,400157,Noble St Chtr HS - Orange Campus,105,1,1.0,94,89.5,0,0.0,0,0.0,10,9.5,0,0.0,0,0.0,0,0.0,0,0.0
Charter,400054,Noble St Chtr HS - Prtizker,858,7,0.8,18,2.1,0,0.0,4,0.5,824,96.0,2,0.2,3,0.3,0,0.0,0,0.0
Charter,400055,Noble St Chtr HS - Rauner,640,13,2.0,50,7.8,0,0.0,9,1.4,560,87.5,7,1.1,0,0.0,0,0.0,1,0.2
Charter,400051,Noble St Chtr Hs -College Prep,602,17,2.8,64,10.6,0,0.0,5,0.8,510,84.7,1,0.2,5,0.8,0,0.0,0,0.0
Charter,400098,Noble St Chtr HS- Muchin,886,24,2.7,253,28.6,4,0.5,5,0.6,514,58.0,1,0.1,47,5.3,0,0.0,38,4.3
Charter,400059,North Lawndale Chrt - Collins,422,0,0.0,415,98.3,0,0.0,1,0.2,2,0.5,0,0.0,0,0.0,0,0.0,4,0.9
Charter,400058,North Lawndale Chrt -Christiana,425,0,0.0,419,98.6,0,0.0,0,0.0,5,1.2,1,0.2,0,0.0,0,0.0,0,0.0
Network 1,610354,North River,403,9,2.2,7,1.7,0,0.0,3,0.7,368,91.3,3,0.7,4,1.0,1,0.2,8,2.0
Network 5,609691,North-Grand HS,910,4,0.4,66,7.3,0,0.0,3,0.3,833,91.5,1,0.1,2,0.2,1,0.1,0,0.0
Network 1,609749,Northside CPHS,"1,069",429,40.1,97,9.1,2,0.2,4,0.4,270,25.3,46,4.3,191,17.9,3,0.3,27,2.5
Network 1,609744,Northside Lrn Ctr HS,284,44,15.5,87,30.6,1,0.4,0,0.0,138,48.6,1,0.4,13,4.6,0,0.0,0,0.0
Network 3,610051,Northwest Middle,667,13,1.9,24,3.6,0,0.0,1,0.1,625,93.7,2,0.3,2,0.3,0,0.0,0,0.0
Network 1,610099,Norwood Park,367,228,62.1,2,0.5,0,0.0,3,0.8,104,28.3,13,3.5,14,3.8,1,0.3,2,0.5
Network 6,610101,Ogden,822,404,49.1,113,13.7,1,0.1,4,0.5,113,13.7,54,6.6,123,15.0,2,0.2,8,1.0
Network 6,610529,Ogden HS,784,211,26.9,256,32.7,3,0.4,5,0.6,222,28.3,27,3.4,47,6.0,2,0.3,11,1.4
Network 11,610102,Oglesby,480,0,0.0,474,98.8,0,0.0,0,0.0,4,0.8,2,0.4,0,0.0,0,0.0,0,0.0
AUSL,610103,O'Keeffe,588,0,0.0,576,98.0,0,0.0,1,0.2,9,1.5,2,0.3,0,0.0,0,0.0,0,0.0
Options,610569,Ombudsman No.1 HS,70,23,32.9,19,27.1,0,0.0,1,1.4,24,34.3,2,2.9,0,0.0,0,0.0,1,1.4
Network 1,610104,Onahan,670,421,62.8,4,0.6,0,0.0,4,0.6,200,29.9,16,2.4,17,2.5,2,0.3,6,0.9
Network 1,610105,Oriole Park,661,461,69.7,8,1.2,0,0.0,1,0.2,132,20.0,9,1.4,46,7.0,4,0.6,0,0.0
Network 7,610329,Orozco,616,3,0.5,5,0.8,0,0.0,6,1.0,592,96.1,0,0.0,2,0.3,0,0.0,8,1.3
AUSL,610389,Orr Academy HS,647,1,0.2,556,85.9,0,0.0,1,0.2,87,13.4,2,0.3,0,0.0,0,0.0,0,0.0
Network 7,609950,Ortiz De Dominguez,728,8,1.1,0,0.0,0,0.0,4,0.5,716,98.4,0,0.0,0,0.0,0,0.0,0,0.0
Network 6,610107,Otis,635,21,3.3,124,19.5,0,0.0,4,0.6,477,75.1,8,1.3,1,0.2,0,0.0,0,0.0
Network 11,610108,O'Toole,419,1,0.2,396,94.5,0,0.0,0,0.0,20,4.8,0,0.0,1,0.2,1,0.2,0,0.0
Network 10,610109,Owen Magnet,252,4,1.6,222,88.1,0,0.0,0,0.0,19,7.5,4,1.6,0,0.0,1,0.4,2,0.8
Network 1,610111,Palmer,906,269,29.7,7,0.8,0,0.0,7,0.8,425,46.9,19,2.1,126,13.9,45,5.0,8,0.9
Network 12,610115,Park Manor,355,0,0.0,347,97.7,0,0.0,0,0.0,5,1.4,1,0.3,2,0.6,0,0.0,0,0.0
Network 11,610112,Parker,791,1,0.1,763,96.5,0,0.0,0,0.0,24,3.0,1,0.1,0,0.0,0,0.0,2,0.3
Network 12,610116,Parkside,295,0,0.0,290,98.3,0,0.0,1,0.3,3,1.0,1,0.3,0,0.0,0,0.0,0,0.0
Charter,400060,Passages Chrt,440,25,5.7,215,48.9,2,0.5,3,0.7,91,20.7,24,5.5,73,16.6,4,0.9,3,0.7
Network 8,610117,Pasteur,"1,222",55,4.5,6,0.5,0,0.0,10,0.8,"1,126",92.1,7,0.6,11,0.9,1,0.1,6,0.5
Options,610568,Pathways to Ed - Avondale HS,161,8,5.0,39,24.2,0,0.0,0,0.0,109,67.7,3,1.9,0,0.0,1,0.6,1,0.6
Options,610557,Pathways to Education HS,310,6,1.9,101,32.6,0,0.0,2,0.6,199,64.2,0,0.0,0,0.0,0,0.0,2,0.6
Network 6,609680,Payton CPHS,819,298,36.4,143,17.5,2,0.2,3,0.4,184,22.5,38,4.6,79,9.6,2,0.2,70,8.5
Options,610386,Peace & Education Alt HS,160,4,2.5,59,36.9,0,0.0,0,0.0,95,59.4,2,1.3,0,0.0,0,0.0,0,0.0
Network 8,610120,Peck,"1,608",33,2.1,12,0.7,0,0.0,6,0.4,"1,548",96.3,2,0.1,7,0.4,0,0.0,0,0.0
Network 2,610122,Peirce,"1,041",204,19.6,87,8.4,0,0.0,9,0.9,623,59.8,48,4.6,70,6.7,0,0.0,0,0.0
Network 5,610123,Penn,404,0,0.0,353,87.4,0,0.0,1,0.2,48,11.9,0,0.0,1,0.2,0,0.0,1,0.2
Network 7,609872,Perez,349,1,0.3,4,1.1,0,0.0,0,0.0,342,98.0,0,0.0,2,0.6,0,0.0,0,0.0
Network 9,610126,Pershing E. Magnet,447,5,1.1,422,94.4,0,0.0,0,0.0,13,2.9,2,0.4,3,0.7,0,0.0,2,0.4
Charter,400064,Perspectives Chrt  - Joslin,385,9,2.3,262,68.1,1,0.3,0,0.0,95,24.7,7,1.8,7,1.8,1,0.3,3,0.8
Charter,400062,Perspectives Chrt - Cal Tech HS,494,1,0.2,486,98.4,0,0.0,0,0.0,4,0.8,1,0.2,0,0.0,0,0.0,2,0.4
Charter,400061,Perspectives Chrt - Calumet HS,754,1,0.1,741,98.3,0,0.0,1,0.1,4,0.5,6,0.8,0,0.0,0,0.0,1,0.1
Charter,400066,Perspectives Chrt - ITT Math/Science,586,8,1.4,545,93.0,1,0.2,0,0.0,17,2.9,8,1.4,2,0.3,0,0.0,5,0.9
Network 1,610127,Peterson,860,220,25.6,42,4.9,0,0.0,6,0.7,312,36.3,30,3.5,248,28.8,2,0.2,0,0.0
AUSL,609727,Phillips HS,670,2,0.3,653,97.5,0,0.0,2,0.3,6,0.9,5,0.7,2,0.3,0,0.0,0,0.0
Military,610304,Phoenix Mil Acad HS,497,1,0.2,127,25.6,0,0.0,0,0.0,366,73.6,2,0.4,1,0.2,0,0.0,0,0.0
AUSL,610106,Piccolo,544,4,0.7,334,61.4,0,0.0,1,0.2,202,37.1,2,0.4,0,0.0,1,0.2,0,0.0
Network 7,610129,Pickard,614,7,1.1,18,2.9,0,0.0,1,0.2,585,95.3,1,0.2,0,0.0,0,0.0,2,0.3
Network 7,610013,Pilsen,439,1,0.2,33,7.5,0,0.0,2,0.5,398,90.7,3,0.7,2,0.5,0,0.0,0,0.0
Network 12,610130,Pirie,394,0,0.0,390,99.0,0,0.0,0,0.0,1,0.3,3,0.8,0,0.0,0,0.0,0,0.0
Network 5,610131,Plamondon,163,0,0.0,37,22.7,0,0.0,0,0.0,124,76.1,2,1.2,0,0.0,0,0.0,0,0.0
Contract,400068,Plato Learning Acad,475,0,0.0,473,99.6,0,0.0,0,0.0,2,0.4,0,0.0,0,0.0,0,0.0,0,0.0
Network 13,610132,Poe Classical,193,3,1.6,182,94.3,0,0.0,0,0.0,6,3.1,1,0.5,0,0.0,0,0.0,1,0.5
Charter,400069,Polaris Charter Acad,442,1,0.2,399,90.3,0,0.0,0,0.0,37,8.4,1,0.2,0,0.0,0,0.0,4,0.9
Network 1,610135,Portage Park,"1,114",341,30.6,24,2.2,0,0.0,13,1.2,686,61.6,16,1.4,24,2.2,8,0.7,2,0.2
Network 12,610281,Powell,564,0,0.0,553,98.0,0,0.0,0,0.0,9,1.6,1,0.2,1,0.2,0,0.0,0,0.0
Network 4,610136,Prescott,288,99,34.4,39,13.5,0,0.0,2,0.7,122,42.4,15,5.2,10,3.5,0,0.0,1,0.3
Network 3,610533,Prieto,"1,051",18,1.7,36,3.4,0,0.0,1,0.1,994,94.6,1,0.1,1,0.1,0,0.0,0,0.0
Network 6,610229,Pritzker,699,164,23.5,259,37.1,0,0.0,0,0.0,219,31.3,33,4.7,21,3.0,2,0.3,1,0.1
Charter,400109,Prologue Chrt - Johnston HS,251,0,0.0,247,98.4,0,0.0,0,0.0,3,1.2,1,0.4,0,0.0,0,0.0,0,0.0
Contract,400070,Prologue Early College HS,231,8,3.5,179,77.5,0,0.0,0,0.0,39,16.9,1,0.4,1,0.4,0,0.0,3,1.3
Network 3,609679,Prosser HS,"1,514",67,4.4,322,21.3,0,0.0,8,0.5,"1,099",72.6,8,0.5,8,0.5,2,0.1,0,0.0
Charter,400071,Providence-Englewood Chrt,471,0,0.0,426,90.4,0,0.0,0,0.0,7,1.5,2,0.4,0,0.0,2,0.4,34,7.2
Network 1,610137,Prussing,687,325,47.3,13,1.9,1,0.1,4,0.6,254,37.0,6,0.9,36,5.2,5,0.7,43,6.3
Network 6,610138,Pulaski,895,97,10.8,9,1.0,0,0.0,6,0.7,741,82.8,17,1.9,9,1.0,0,0.0,16,1.8
Network 13,610139,Pullman,254,0,0.0,191,75.2,0,0.0,1,0.4,51,20.1,3,1.2,0,0.0,0,0.0,8,3.1
OS4,610334,Raby HS,513,0,0.0,493,96.1,0,0.0,1,0.2,17,3.3,0,0.0,0,0.0,2,0.4,0,0.0
Network 11,609941,Randolph Magnet,500,1,0.2,478,95.6,0,0.0,0,0.0,15,3.0,6,1.2,0,0.0,0,0.0,0,0.0
Network 2,610141,Ravenswood,508,200,39.4,51,10.0,0,0.0,0,0.0,213,41.9,24,4.7,16,3.1,2,0.4,2,0.4
Network 9,610142,Ray,721,146,20.2,399,55.3,0,0.0,2,0.3,54,7.5,43,6.0,72,10.0,1,0.1,4,0.6
OS4,610143,Reavis,304,1,0.3,296,97.4,0,0.0,0,0.0,3,1.0,0,0.0,1,0.3,3,1.0,0,0.0
Network 4,610144,Reilly,"1,150",49,4.3,15,1.3,0,0.0,6,0.5,"1,058",92.0,7,0.6,10,0.9,4,0.3,1,0.1
Network 1,610145,Reinberg,840,241,28.7,12,1.4,0,0.0,1,0.1,550,65.5,11,1.3,22,2.6,1,0.1,2,0.2
Network 12,610146,Revere,324,0,0.0,322,99.4,0,0.0,0,0.0,1,0.3,1,0.3,0,0.0,0,0.0,0,0.0
OS4,609682,Richards HS,385,1,0.3,146,37.9,0,0.0,1,0.3,234,60.8,1,0.3,1,0.3,0,0.0,1,0.3
Military,610390,Rickover Naval HS,507,48,9.5,60,11.8,0,0.0,4,0.8,371,73.2,5,1.0,19,3.7,0,0.0,0,0.0
Network 11,609707,Robeson HS,372,0,0.0,371,99.7,0,0.0,0,0.0,1,0.3,0,0.0,0,0.0,0,0.0,0,0.0
OS4,610256,Robinson,135,0,0.0,133,98.5,0,0.0,0,0.0,1,0.7,0,0.0,1,0.7,0,0.0,0,0.0
Network 2,610147,Rogers,752,134,17.8,126,16.8,0,0.0,4,0.5,310,41.2,6,0.8,171,22.7,1,0.1,0,0.0
Network 1,609728,Roosevelt HS,"1,437",72,5.0,157,10.9,1,0.1,5,0.3,"1,042",72.5,9,0.6,86,6.0,2,0.1,63,4.4
Charter,400096,Rowe,588,15,2.6,77,13.1,0,0.0,1,0.2,460,78.2,5,0.9,2,0.3,0,0.0,28,4.8
Network 6,610308,Rudolph Lrng Ctr,109,9,8.3,44,40.4,0,0.0,0,0.0,50,45.9,1,0.9,3,2.8,1,0.9,1,0.9
Network 12,610152,Ruggles,410,0,0.0,404,98.5,0,0.0,0,0.0,3,0.7,2,0.5,0,0.0,1,0.2,0,0.0
Network 7,610125,Ruiz,897,14,1.6,1,0.1,0,0.0,5,0.6,874,97.4,3,0.3,0,0.0,0,0.0,0,0.0
Network 11,610153,Ryder,410,0,0.0,393,95.9,0,0.0,0,0.0,4,1.0,0,0.0,0,0.0,1,0.2,12,2.9
Network 5,610342,Sabin Magnet,626,9,1.4,102,16.3,0,0.0,7,1.1,494,78.9,6,1.0,2,0.3,0,0.0,6,1.0
Network 6,610250,Salazar Bilingual,405,8,2.0,77,19.0,0,0.0,1,0.2,310,76.5,1,0.2,8,2.0,0,0.0,0,0.0
Network 8,610226,Sandoval,"1,133",14,1.2,15,1.3,0,0.0,4,0.4,"1,091",96.3,0,0.0,3,0.3,0,0.0,6,0.5
Network 7,610017,Saucedo Magnet,"1,281",3,0.2,21,1.6,0,0.0,10,0.8,"1,228",95.9,4,0.3,0,0.0,0,0.0,15,1.2
Network 1,610155,Sauganash,553,290,52.4,9,1.6,0,0.0,1,0.2,138,25.0,12,2.2,101,18.3,2,0.4,0,0.0
Network 8,610157,Sawyer,"1,837",21,1.1,12,0.7,0,0.0,3,0.2,"1,797",97.8,3,0.2,0,0.0,0,0.0,1,0.1
Network 3,610158,Sayre,571,68,11.9,223,39.1,0,0.0,1,0.2,246,43.1,28,4.9,4,0.7,0,0.0,1,0.2
Network 1,610159,Scammon,872,54,6.2,8,0.9,0,0.0,5,0.6,775,88.9,9,1.0,15,1.7,3,0.3,3,0.3
Network 12,610297,Sch Of Leadership HS,134,1,0.7,131,97.8,0,0.0,0,0.0,1,0.7,1,0.7,0,0.0,0,0.0,0,0.0
Network 7,610383,Sch Of Social Justice HS,356,0,0.0,32,9.0,0,0.0,0,0.0,323,90.7,1,0.3,0,0.0,0,0.0,0,0.0
Network 12,610178,Schmid,208,1,0.5,196,94.2,0,0.0,1,0.5,9,4.3,1,0.5,0,0.0,0,0.0,0,0.0
Network 3,610165,Schubert,967,32,3.3,12,1.2,0,0.0,1,0.1,917,94.8,2,0.2,2,0.2,0,0.0,1,0.1
Network 1,609729,Schurz HS,"2,379",134,5.6,219,9.2,0,0.0,15,0.6,"1,930",81.1,15,0.6,24,1.0,2,0.1,40,1.7
Network 2,609730,Senn HS,"1,162",108,9.3,327,28.1,0,0.0,5,0.4,521,44.8,33,2.8,161,13.9,6,0.5,1,0.1
Network 8,610167,Seward,849,10,1.2,4,0.5,0,0.0,0,0.0,834,98.2,0,0.0,1,0.1,0,0.0,0,0.0
Charter,400072,Shabazz Charter,324,0,0.0,263,81.2,0,0.0,1,0.3,1,0.3,3,0.9,0,0.0,0,0.0,56,17.3
Charter,400073,Shabazz Chrt - DuSable,234,0,0.0,230,98.3,0,0.0,0,0.0,2,0.9,1,0.4,0,0.0,0,0.0,1,0.4
Charter,400074,Shabazz Chrt - Sizmore,286,0,0.0,263,92.0,0,0.0,0,0.0,2,0.7,0,0.0,0,0.0,0,0.0,21,7.3
Network 6,610081,Sheridan Magnet,545,156,28.6,96,17.6,0,0.0,0,0.0,114,20.9,16,2.9,162,29.7,1,0.2,0,0.0
AUSL,610172,Sherman,391,0,0.0,371,94.9,0,0.0,0,0.0,20,5.1,0,0.0,0,0.0,0,0.0,0,0.0
Network 11,610173,Sherwood,407,1,0.2,395,97.1,0,0.0,1,0.2,7,1.7,2,0.5,0,0.0,0,0.0,1,0.2
Network 8,610174,Shields,"1,051",17,1.6,8,0.8,0,0.0,2,0.2,"1,021",97.1,1,0.1,1,0.1,1,0.1,0,0.0
Network 8,610559,Shields Middle,717,6,0.8,5,0.7,0,0.0,6,0.8,698,97.4,0,0.0,1,0.1,1,0.1,0,0.0
Network 9,610175,Shoesmith,343,4,1.2,324,94.5,0,0.0,0,0.0,8,2.3,2,0.6,4,1.2,0,0.0,1,0.3
Network 13,610176,Shoop,502,0,0.0,496,98.8,0,0.0,0,0.0,6,1.2,0,0.0,0,0.0,0,0.0,0,0.0
Network 11,609692,Simeon HS,"1,467",0,0.0,"1,446",98.6,0,0.0,0,0.0,8,0.5,13,0.9,0,0.0,0,0.0,0,0.0
Options,609750,Simpson HS,87,1,1.1,63,72.4,0,0.0,0,0.0,20,23.0,1,1.1,0,0.0,0,0.0,2,2.3
Network 6,610177,Skinner Classical,903,209,23.1,352,39.0,0,0.0,7,0.8,109,12.1,22,2.4,186,20.6,2,0.2,16,1.8
Network 4,610534,Skinner North,368,152,41.3,55,14.9,0,0.0,1,0.3,42,11.4,25,6.8,91,24.7,2,0.5,0,0.0
Network 13,609978,Smith W.,343,3,0.9,338,98.5,0,0.0,0,0.0,2,0.6,0,0.0,0,0.0,0,0.0,0,0.0
Network 1,610179,Smyser,"1,006",380,37.8,7,0.7,0,0.0,5,0.5,568,56.5,11,1.1,32,3.2,3,0.3,0,0.0
OS4,610180,Smyth J.,512,8,1.6,472,92.2,0,0.0,0,0.0,25,4.9,1,0.2,6,1.2,0,0.0,0,0.0
Network 1,610182,Solomon,357,158,44.3,14,3.9,0,0.0,0,0.0,50,14.0,11,3.1,124,34.7,0,0.0,0,0.0
AUSL,610543,Solorio HS,"1,068",17,1.6,41,3.8,0,0.0,6,0.6,"1,002",93.8,1,0.1,1,0.1,0,0.0,0,0.0
Network 6,609990,South Loop,867,237,27.3,393,45.3,0,0.0,1,0.1,83,9.6,33,3.8,100,11.5,20,2.3,0,0.0
Network 12,610530,South Shore,503,0,0.0,487,96.8,0,0.0,0,0.0,6,1.2,6,1.2,1,0.2,0,0.0,3,0.6
Network 12,610547,South Shore Intl HS,572,1,0.2,550,96.2,0,0.0,0,0.0,16,2.8,3,0.5,1,0.2,1,0.2,0,0.0
Network 11,609745,Southside Occp HS,228,7,3.1,175,76.8,0,0.0,0,0.0,44,19.3,0,0.0,0,0.0,2,0.9,0,0.0
Network 3,610183,Spencer,864,1,0.1,852,98.6,0,0.0,0,0.0,11,1.3,0,0.0,0,0.0,0,0.0,0,0.0
Network 7,610184,Spry,734,6,0.8,1,0.1,0,0.0,0,0.0,716,97.5,0,0.0,0,0.0,0,0.0,11,1.5
Network 7,610357,Spry Comm Links HS,189,1,0.5,2,1.1,0,0.0,0,0.0,186,98.4,0,0.0,0,0.0,0,0.0,0,0.0
AUSL,610339,Stagg,589,1,0.2,580,98.5,0,0.0,0,0.0,5,0.8,1,0.2,2,0.3,0,0.0,0,0.0
Network 3,609732,Steinmetz HS,"1,809",191,10.6,227,12.5,0,0.0,14,0.8,"1,331",73.6,6,0.3,36,2.0,1,0.1,3,0.2
Network 6,610548,STEM Elementary,334,60,18.0,109,32.6,0,0.0,0,0.0,90,26.9,9,2.7,63,18.9,3,0.9,0,0.0
Network 10,610185,Stevenson,"1,264",57,4.5,68,5.4,0,0.0,5,0.4,"1,126",89.1,3,0.2,3,0.2,1,0.1,1,0.1
Network 1,610163,Stock,241,125,51.9,7,2.9,0,0.0,1,0.4,34,14.1,2,0.8,10,4.1,1,0.4,61,25.3
Network 2,610191,Stone Magnet,634,220,34.7,116,18.3,0,0.0,2,0.3,122,19.2,26,4.1,146,23.0,2,0.3,0,0.0
Network 5,610192,Stowe,794,7,0.9,50,6.3,0,0.0,4,0.5,721,90.8,4,0.5,0,0.0,0,0.0,8,1.0
Network 6,610405,Suder Montessori,417,70,16.8,253,60.7,0,0.0,1,0.2,52,12.5,15,3.6,19,4.6,0,0.0,7,1.7
Network 12,610193,Sullivan,502,6,1.2,364,72.5,0,0.0,0,0.0,126,25.1,5,1.0,0,0.0,1,0.2,0,0.0
Network 2,609733,Sullivan HS,708,31,4.4,305,43.1,0,0.0,4,0.6,263,37.1,11,1.6,92,13.0,2,0.3,0,0.0
Network 5,610194,Sumner,417,0,0.0,411,98.6,0,0.0,0,0.0,4,1.0,0,0.0,1,0.2,1,0.2,0,0.0
Network 10,610195,Sutherland,737,296,40.2,383,52.0,0,0.0,1,0.1,41,5.6,13,1.8,3,0.4,0,0.0,0,0.0
Network 2,610196,Swift,696,114,16.4,229,32.9,0,0.0,7,1.0,227,32.6,25,3.6,92,13.2,2,0.3,0,0.0
Network 1,609734,Taft HS,"3,195","1,534",48.0,67,2.1,4,0.1,9,0.3,"1,270",39.7,58,1.8,244,7.6,3,0.1,6,0.2
Network 6,610197,Talcott,535,40,7.5,33,6.2,0,0.0,1,0.2,445,83.2,12,2.2,4,0.7,0,0.0,0,0.0
Network 8,610249,Talman,419,1,0.2,5,1.2,0,0.0,1,0.2,411,98.1,0,0.0,0,0.0,0,0.0,1,0.2
Network 12,610279,Tanner,404,1,0.2,396,98.0,0,0.0,0,0.0,2,0.5,2,0.5,0,0.0,0,0.0,3,0.7
AUSL,610396,Tarkington,"1,056",4,0.4,213,20.2,0,0.0,7,0.7,823,77.9,9,0.9,0,0.0,0,0.0,0,0.0
Network 13,610198,Taylor,590,5,0.8,57,9.7,0,0.0,5,0.8,521,88.3,2,0.3,0,0.0,0,0.0,0,0.0
Network 11,610506,TEAM HS,407,0,0.0,398,97.8,0,0.0,1,0.2,8,2.0,0,0.0,0,0.0,0,0.0,0,0.0
OS4,609921,Telpochcalli,308,2,0.6,5,1.6,0,0.0,0,0.0,299,97.1,2,0.6,0,0.0,0,0.0,0,0.0
Network 8,610504,Thomas,176,10,5.7,5,2.8,0,0.0,1,0.6,150,85.2,2,1.1,5,2.8,0,0.0,3,1.7
Network 12,610200,Thorp J. N.,413,4,1.0,319,77.2,0,0.0,1,0.2,89,21.5,0,0.0,0,0.0,0,0.0,0,0.0
Network 1,610201,Thorp O. A. Magnet,846,249,29.4,105,12.4,0,0.0,10,1.2,335,39.6,32,3.8,66,7.8,3,0.4,46,5.4
OS4,609735,Tilden HS,345,27,7.8,232,67.2,0,0.0,0,0.0,72,20.9,5,1.4,6,1.7,0,0.0,3,0.9
Network 9,610065,Till,421,0,0.0,415,98.6,0,0.0,0,0.0,1,0.2,0,0.0,0,0.0,1,0.2,4,1.0
Network 5,610202,Tilton,448,0,0.0,434,96.9,0,0.0,0,0.0,4,0.9,2,0.4,0,0.0,0,0.0,8,1.8
Network 8,610203,Tonti,"1,084",10,0.9,21,1.9,0,0.0,4,0.4,"1,035",95.5,3,0.3,1,0.1,0,0.0,10,0.9
Network 11,609895,Turner-Drew Magnet,373,0,0.0,360,96.5,0,0.0,1,0.3,11,2.9,1,0.3,0,0.0,0,0.0,0,0.0
Network 10,610206,Twain,"1,201",231,19.2,10,0.8,0,0.0,2,0.2,943,78.5,10,0.8,5,0.4,0,0.0,0,0.0
Charter,400075,U Of C Chtr - Donoghue,550,0,0.0,527,95.8,0,0.0,1,0.2,3,0.5,1,0.2,0,0.0,0,0.0,18,3.3
Charter,400076,U Of C Chtr - North Kenwood,340,7,2.1,319,93.8,0,0.0,0,0.0,6,1.8,1,0.3,0,0.0,0,0.0,7,2.1
Charter,400077,U Of C Chtr - Woodlawn,634,1,0.2,619,97.6,0,0.0,0,0.0,3,0.5,5,0.8,0,0.0,1,0.2,5,0.8
Charter,400078,U of C Chtr - Woodson,372,1,0.3,353,94.9,0,0.0,0,0.0,1,0.3,2,0.5,0,0.0,0,0.0,15,4.0
Charter,400153,UNO Chtr - 15th Campus,380,1,0.3,5,1.3,0,0.0,0,0.0,372,97.9,0,0.0,0,0.0,0,0.0,2,0.5
Charter,400112,UNO Chtr - 51st Homan,573,4,0.7,0,0.0,0,0.0,4,0.7,557,97.2,0,0.0,0,0.0,0,0.0,8,1.4
Charter,400082,UNO Chtr - Fuentes,576,3,0.5,1,0.2,0,0.0,1,0.2,559,97.0,2,0.3,3,0.5,0,0.0,7,1.2
Charter,400101,UNO Chtr - Gage Park,555,0,0.0,4,0.7,0,0.0,2,0.4,524,94.4,0,0.0,0,0.0,0,0.0,25,4.5
Charter,400081,UNO Chtr - Las Casas,286,0,0.0,2,0.7,0,0.0,0,0.0,281,98.3,1,0.3,0,0.0,0,0.0,2,0.7
Charter,400085,UNO Chtr - Major Garcia,648,6,0.9,3,0.5,0,0.0,4,0.6,627,96.8,0,0.0,1,0.2,1,0.2,6,0.9
Charter,400089,UNO Chtr - Marquez,575,0,0.0,3,0.5,0,0.0,1,0.2,543,94.4,0,0.0,0,0.0,0,0.0,28,4.9
Charter,400120,UNO Chtr - Near West,576,7,1.2,28,4.9,0,0.0,1,0.2,524,91.0,2,0.3,0,0.0,0,0.0,14,2.4
Charter,400121,UNO Chtr - Northside,605,8,1.3,61,10.1,0,0.0,3,0.5,513,84.8,3,0.5,9,1.5,0,0.0,8,1.3
Charter,400083,UNO Chtr - Paz Interm,429,2,0.5,32,7.5,0,0.0,2,0.5,370,86.2,0,0.0,0,0.0,0,0.0,23,5.4
Charter,400080,UNO Chtr - PFC Torres,636,4,0.6,7,1.1,0,0.0,1,0.2,598,94.0,1,0.2,0,0.0,0,0.0,25,3.9
Charter,400149,UNO Chtr - Soccer Acad,544,3,0.6,3,0.6,0,0.0,1,0.2,520,95.6,0,0.0,1,0.2,0,0.0,16,2.9
Charter,400079,UNO Chtr - SPC Zizumbo,638,9,1.4,1,0.2,0,0.0,3,0.5,579,90.8,0,0.0,0,0.0,0,0.0,46,7.2
Charter,400114,UNO Chtr - St Marks,278,2,0.7,11,4.0,0,0.0,1,0.4,262,94.2,0,0.0,1,0.4,0,0.0,1,0.4
Charter,400084,UNO Chtr - Tamayo,288,3,1.0,0,0.0,0,0.0,0,0.0,285,99.0,0,0.0,0,0.0,0,0.0,0,0.0
Network 2,610394,Uplift Community HS,354,10,2.8,285,80.5,0,0.0,0,0.0,42,11.9,7,2.0,8,2.3,0,0.0,2,0.6
Charter,400102,Urban Prep Acad - E Garfield HS,476,0,0.0,455,95.6,0,0.0,1,0.2,7,1.5,3,0.6,0,0.0,0,0.0,10,2.1
Charter,400105,Urban Prep Acad - So Shore HS,502,0,0.0,490,97.6,0,0.0,0,0.0,9,1.8,2,0.4,0,0.0,0,0.0,1,0.2
Charter,400086,Urban Prep Chtr HS,449,0,0.0,401,89.3,0,0.0,0,0.0,1,0.2,3,0.7,0,0.0,0,0.0,44,9.8
Network 10,610207,Vanderpoel Magnet,298,1,0.3,291,97.7,0,0.0,0,0.0,6,2.0,0,0.0,0,0.0,0,0.0,0,0.0
Network 1,609766,Vaughn Occp HS,214,40,18.7,68,31.8,0,0.0,0,0.0,99,46.3,0,0.0,7,3.3,0,0.0,0,0.0
Network 10,609871,Vick EC Ctr,348,147,42.2,50,14.4,0,0.0,0,0.0,137,39.4,5,1.4,2,0.6,1,0.3,6,1.7
Network 3,610518,VOISE HS,341,0,0.0,314,92.1,0,0.0,1,0.3,24,7.0,2,0.6,0,0.0,0,0.0,0,0.0
Network 1,610209,Volta,"1,034",88,8.5,33,3.2,0,0.0,6,0.6,653,63.2,2,0.2,246,23.8,1,0.1,5,0.5
Network 1,609737,Von Steuben HS,"1,666",316,19.0,194,11.6,0,0.0,10,0.6,883,53.0,30,1.8,227,13.6,4,0.2,2,0.1
Network 11,610366,Wacker,245,0,0.0,245,100.0,0,0.0,0,0.0,0,0.0,0,0.0,0,0.0,0,0.0,0,0.0
Network 9,610213,Wadsworth,522,1,0.2,517,99.0,0,0.0,1,0.2,2,0.4,0,0.0,0,0.0,0,0.0,1,0.2
Network 7,610216,Walsh,450,7,1.6,29,6.4,0,0.0,1,0.2,407,90.4,1,0.2,4,0.9,0,0.0,1,0.2
Network 6,610217,Ward J.,519,22,4.2,115,22.2,0,0.0,3,0.6,64,12.3,6,1.2,308,59.3,0,0.0,1,0.2
Network 5,610133,Ward L.,674,2,0.3,648,96.1,0,0.0,1,0.1,18,2.7,4,0.6,0,0.0,0,0.0,1,0.1
Network 12,610218,Warren,343,0,0.0,334,97.4,0,0.0,0,0.0,5,1.5,4,1.2,0,0.0,0,0.0,0,0.0
Network 13,610219,Washington G.,835,66,7.9,10,1.2,0,0.0,9,1.1,745,89.2,3,0.4,2,0.2,0,0.0,0,0.0
Network 13,609739,Washington G. HS,"1,563",94,6.0,110,7.0,1,0.1,17,1.1,"1,322",84.6,4,0.3,0,0.0,0,0.0,15,1.0
Network 12,610124,Washington H.,503,0,0.0,497,98.8,0,0.0,0,0.0,6,1.2,0,0.0,0,0.0,0,0.0,0,0.0
Network 2,610220,Waters,670,301,44.9,22,3.3,0,0.0,1,0.1,268,40.0,34,5.1,19,2.8,11,1.6,14,2.1
Network 5,610221,Webster,337,0,0.0,335,99.4,0,0.0,0,0.0,1,0.3,1,0.3,0,0.0,0,0.0,0,0.0
OS4,609740,Wells HS,596,17,2.9,277,46.5,0,0.0,2,0.3,294,49.3,4,0.7,1,0.2,1,0.2,0,0.0
Network 9,610110,Wells Prep,490,0,0.0,420,85.7,0,0.0,0,0.0,9,1.8,0,0.0,0,0.0,0,0.0,61,12.4
Network 11,610223,Wentworth,611,0,0.0,598,97.9,0,0.0,2,0.3,7,1.1,2,0.3,0,0.0,0,0.0,2,0.3
Network 5,610100,West Park,646,6,0.9,179,27.7,0,0.0,1,0.2,458,70.9,1,0.2,0,0.0,0,0.0,1,0.2
Network 11,610300,Westcott,420,0,0.0,401,95.5,0,0.0,1,0.2,11,2.6,2,0.5,0,0.0,0,0.0,5,1.2
Network 5,609693,Westinghouse HS,"1,125",23,2.0,674,59.9,0,0.0,3,0.3,355,31.6,8,0.7,61,5.4,1,0.1,0,0.0
Network 13,610225,Whistler,335,1,0.3,331,98.8,0,0.0,1,0.3,2,0.6,0,0.0,0,0.0,0,0.0,0,0.0
Network 13,610315,White,183,0,0.0,180,98.4,0,0.0,0,0.0,2,1.1,1,0.5,0,0.0,0,0.0,0,0.0
Network 7,610227,Whitney,"1,097",7,0.6,1,0.1,0,0.0,1,0.1,"1,054",96.1,3,0.3,0,0.0,1,0.1,30,2.7
Network 7,610228,Whittier,348,4,1.1,0,0.0,0,0.0,0,0.0,344,98.9,0,0.0,0,0.0,0,0.0,0,0.0
Network 1,610230,Wildwood Magnet,424,249,58.7,17,4.0,0,0.0,0,0.0,92,21.7,25,5.9,36,8.5,5,1.2,0,0.0
Network 9,610380,Williams Prep Med HS,300,0,0.0,284,94.7,0,0.0,0,0.0,5,1.7,3,1.0,2,0.7,0,0.0,6,2.0
Network 9,609977,Woodlawn,230,0,0.0,227,98.7,0,0.0,0,0.0,0,0.0,3,1.3,0,0.0,0,0.0,0,0.0
Network 9,610345,Woodson South,378,1,0.3,350,92.6,0,0.0,0,0.0,11,2.9,0,0.0,0,0.0,0,0.0,16,4.2
Network 7,610392,World Language HS,353,1,0.3,36,10.2,0,0.0,1,0.3,315,89.2,0,0.0,0,0.0,0,0.0,0,0.0
Network 2,610542,Wst Ridge,753,225,29.9,55,7.3,0,0.0,4,0.5,185,24.6,11,1.5,266,35.3,7,0.9,0,0.0
Network 5,610234,Yates,675,17,2.5,87,12.9,0,0.0,2,0.3,563,83.4,0,0.0,2,0.3,3,0.4,1,0.1
Charter,400134,YCCS Chtr - Addams,219,13,5.9,57,26.0,0,0.0,1,0.5,143,65.3,1,0.5,4,1.8,0,0.0,0,0.0
Charter,400125,YCCS Chtr - ASIPRA,168,7,4.2,3,1.8,0,0.0,0,0.0,157,93.5,1,0.6,0,0.0,0,0.0,0,0.0
Charter,400126,YCCS Chtr - Assoc. House,155,3,1.9,42,27.1,0,0.0,0,0.0,108,69.7,1,0.6,1,0.6,0,0.0,0,0.0
Charter,400127,YCCS Chtr - Austin Career,187,0,0.0,178,95.2,0,0.0,0,0.0,6,3.2,2,1.1,1,0.5,0,0.0,0,0.0
Charter,400131,YCCS Chtr - Campos,170,4,2.4,27,15.9,0,0.0,0,0.0,133,78.2,1,0.6,1,0.6,0,0.0,4,2.4
Charter,400128,YCCS Chtr - CCA Academy,190,0,0.0,186,97.9,0,0.0,1,0.5,3,1.6,0,0.0,0,0.0,0,0.0,0,0.0
Charter,400150,YCCS Chtr - Chatham Academy,181,0,0.0,177,97.8,0,0.0,0,0.0,2,1.1,2,1.1,0,0.0,0,0.0,0,0.0
Charter,400130,YCCS Chtr - Comm Youth Dev.,251,0,0.0,247,98.4,0,0.0,1,0.4,3,1.2,0,0.0,0,0.0,0,0.0,0,0.0
Charter,400136,YCCS Chtr - Harvey Middle,186,2,1.1,173,93.0,0,0.0,1,0.5,10,5.4,0,0.0,0,0.0,0,0.0,0,0.0
Charter,400129,YCCS Chtr - Houston,144,0,0.0,143,99.3,0,0.0,0,0.0,1,0.7,0,0.0,0,0.0,0,0.0,0,0.0
Charter,400133,YCCS Chtr - Innovations,303,2,0.7,279,92.1,0,0.0,0,0.0,18,5.9,3,1.0,1,0.3,0,0.0,0,0.0
Charter,400135,YCCS Chtr - Lation Youth,199,1,0.5,14,7.0,0,0.0,0,0.0,184,92.5,0,0.0,0,0.0,0,0.0,0,0.0
Charter,400124,YCCS Chtr - McKinley-Lakeside,177,0,0.0,174,98.3,0,0.0,0,0.0,3,1.7,0,0.0,0,0.0,0,0.0,0,0.0
Charter,400123,YCCS Chtr - Scholastic,198,0,0.0,198,100.0,0,0.0,0,0.0,0,0.0,0,0.0,0,0.0,0,0.0,0,0.0
Charter,400139,YCCS Chtr - Sullivan House,314,1,0.3,306,97.5,0,0.0,0,0.0,6,1.9,1,0.3,0,0.0,0,0.0,0,0.0
Charter,400141,YCCS Chtr - Truman Middle,212,26,12.3,75,35.4,0,0.0,2,0.9,100,47.2,3,1.4,4,1.9,2,0.9,0,0.0
Charter,400142,YCCS Chtr - Virtual,172,8,4.7,116,67.4,0,0.0,0,0.0,45,26.2,2,1.2,0,0.0,0,0.0,1,0.6
Charter,400143,YCCS Chtr - West Town,155,1,0.6,123,79.4,0,0.0,0,0.0,29,18.7,2,1.3,0,0.0,0,0.0,0,0.0
Charter,400144,YCCS Chtr - Westside Ldrshp,185,1,0.5,164,88.6,0,0.0,0,0.0,19,10.3,1,0.5,0,0.0,0,0.0,0,0.0
Charter,400145,YCCS Chtr - Youth Connection,250,0,0.0,246,98.4,0,0.0,0,0.0,3,1.2,1,0.4,0,0.0,0,0.0,0,0.0
Charter,400087,Yng Women Ldrshp Chrt,331,11,3.3,276,83.4,0,0.0,2,0.6,19,5.7,4,1.2,0,0.0,0,0.0,19,5.7
Options,609748,York Alt HS,342,5,1.5,278,81.3,0,0.0,4,1.2,55,16.1,0,0.0,0,0.0,0,0.0,0,0.0
Network 3,610235,Young,"1,085",5,0.5,953,87.8,0,0.0,4,0.4,97,8.9,6,0.6,1,0.1,3,0.3,16,1.5
Network 6,609755,Young Magnet HS,"2,196",664,30.2,532,24.2,0,0.0,7,0.3,589,26.8,79,3.6,322,14.7,3,0.1,0,0.0
Network 7,609973,Zapata,967,1,0.1,5,0.5,0,0.0,1,0.1,956,98.9,0,0.0,0,0.0,0,0.0,4,0.4
,,,,,,,,,,,,,,,,,,,,,
Dsitrict Total,,,"400,545","36,890",9.2,"159,134",39.7,53,0.013,"1,277",0.3,"181,169",45.2,"4,223",1.1,"13,924",3.5,587,0.1,"3,288",0.8
