Network,School ID,Education Units,Total,WhiteNo,WhitePct,African AmericanNo,African AmericanPct,Asian/Pacific Islander (Retired)No,Asian/Pacific Islander (Retired)Pct,Native American/AlaskanNo,Native American/AlaskanPct,HispanicNo,HispanicPct,Mulit-RacialNo,Mulit-RacialPct,AsianNo,AsianPct,Hawaiian/Pacific IslanderNo,Hawaiian/Pacific IslanderPct,Not AvailableNo,Not AvailablePct
Charter,400010,ACE TECH HS,439,6,1.4,370,84.3,0,0.0,0,0.0,61,13.9,1,0.2,0,0.0,0,0.0,1,0.2
Network 13,609772,ADDAMS,894,14,1.6,16,1.8,0,0.0,0,0.0,862,96.4,1,0.1,0,0.0,0,0.0,1,0.1
Network 4,609773,AGASSIZ,527,186,35.3,140,26.6,0,0.0,1,0.2,155,29.4,22,4.2,21,4.0,1,0.2,1,0.2
Charter,400060,AHS - PASSAGES,456,29,6.4,209,45.8,0,0.0,2,0.4,90,19.7,18,4.0,102,22.4,3,0.7,3,0.7
Service Leadership Academies,610513,AIR FORCE HS,328,36,11.0,139,42.4,0,0.0,0,0.0,139,42.4,1,0.3,12,3.7,0,0.0,1,0.3
Network 1,610212,ALBANY PARK,286,17,5.9,9,3.1,0,0.0,0,0.0,223,78.0,7,2.5,30,10.5,0,0.0,0,0.0
Network 4,609774,ALCOTT ES,576,376,65.3,45,7.8,1,0.2,0,0.0,65,11.3,35,6.1,41,7.1,1,0.2,12,2.1
Network 4,610524,ALCOTT HS,308,28,9.1,63,20.5,0,0.0,1,0.3,204,66.2,4,1.3,4,1.3,0,0.0,4,1.3
Network 13,609848,ALDRIDGE,194,0,0.0,193,99.5,0,0.0,0,0.0,1,0.5,0,0.0,0,0.0,0,0.0,0,0.0
Charter,400012,AMANDLA,323,1,0.3,316,97.8,0,0.0,0,0.0,3,0.9,1,0.3,0,0.0,0,0.0,2,0.6
Network 2,609695,AMUNDSEN HS,"1,141",123,10.8,127,11.1,0,0.0,11,1.0,677,59.3,21,1.8,176,15.4,5,0.4,1,0.1
ISP,609951,ARIEL,542,1,0.2,527,97.2,0,0.0,0,0.0,7,1.3,3,0.6,0,0.0,3,0.6,1,0.2
Network 6,609777,ARMOUR,296,27,9.1,18,6.1,0,0.0,0,0.0,241,81.4,1,0.3,9,3.0,0,0.0,0,0.0
Network 2,609779,ARMSTRONG G,"1,452",103,7.1,405,27.9,0,0.0,12,0.8,651,44.8,23,1.6,257,17.7,1,0.1,0,0.0
Network 10,610287,ASHBURN,486,2,0.4,390,80.2,0,0.0,0,0.0,87,17.9,7,1.4,0,0.0,0,0.0,0,0.0
Network 12,610268,ASHE,320,0,0.0,317,99.1,0,0.0,0,0.0,3,0.9,0,0.0,0,0.0,0,0.0,0,0.0
Charter,400172,ASPIRA - BUSINESS & FINANCE HS,165,3,1.8,5,3.0,0,0.0,0,0.0,155,93.9,1,0.6,1,0.6,0,0.0,0,0.0
Charter,400013,ASPIRA - EARLY COLLEGE HS,451,5,1.1,11,2.4,0,0.0,2,0.4,426,94.5,0,0.0,2,0.4,0,0.0,5,1.1
Charter,400017,ASPIRA - HAUGAN,532,12,2.3,13,2.4,0,0.0,4,0.8,478,89.8,8,1.5,16,3.0,1,0.2,0,0.0
Network 4,609782,AUDUBON,570,333,58.4,18,3.2,0,0.0,0,0.0,151,26.5,29,5.1,18,3.2,2,0.4,19,3.3
Network 3,400018,AUSTIN BUS & ENTRP HS,102,0,0.0,98,96.1,0,0.0,0,0.0,3,2.9,1,1.0,0,0.0,0,0.0,0,0.0
Network 3,610501,AUSTIN POLY HS,122,0,0.0,118,96.7,0,0.0,0,0.0,2,1.6,2,1.6,0,0.0,0,0.0,0,0.0
Network 12,609786,AVALON PARK,332,2,0.6,325,97.9,0,0.0,0,0.0,3,0.9,1,0.3,0,0.0,1,0.3,0,0.0
Network 10,610544,AZUELA,948,19,2.0,6,0.6,0,0.0,4,0.4,910,96.0,2,0.2,4,0.4,0,0.0,3,0.3
Network 8,610563,BACK OF THE YARDS HS,790,14,1.8,25,3.2,0,0.0,1,0.1,697,88.2,0,0.0,52,6.6,1,0.1,0,0.0
Options,610555,BANNER WEST HS,307,1,0.3,280,91.2,0,0.0,0,0.0,23,7.5,2,0.7,1,0.3,0,0.0,0,0.0
Network 10,609788,BARNARD,308,2,0.6,295,95.8,0,0.0,0,0.0,6,1.9,4,1.3,1,0.3,0,0.0,0,0.0
Network 4,609789,BARRY,771,7,0.9,7,0.9,0,0.0,1,0.1,742,96.2,5,0.7,9,1.2,0,0.0,0,0.0
Network 11,609790,BARTON,463,4,0.9,451,97.4,0,0.0,0,0.0,6,1.3,1,0.2,0,0.0,0,0.0,1,0.2
Network 11,609791,BASS,494,0,0.0,482,97.6,0,0.0,0,0.0,9,1.8,1,0.2,1,0.2,1,0.2,0,0.0
Network 1,609792,BATEMAN,"1,040",89,8.6,23,2.2,0,0.0,2,0.2,844,81.2,2,0.2,40,3.8,2,0.2,38,3.7
Network 1,610083,BEARD,171,64,37.4,5,2.9,0,0.0,0,0.0,76,44.4,8,4.7,16,9.4,0,0.0,2,1.2
Network 9,610246,BEASLEY,"1,440",1,0.1,"1,401",97.3,0,0.0,3,0.2,28,1.9,3,0.2,2,0.1,1,0.1,1,0.1
Network 1,609796,BEAUBIEN,"1,117",435,38.9,24,2.1,0,0.0,6,0.5,428,38.3,58,5.2,158,14.1,6,0.5,2,0.2
Network 9,610237,BEETHOVEN,451,1,0.2,440,97.6,0,0.0,0,0.0,8,1.8,1,0.2,0,0.0,1,0.2,0,0.0
Network 5,609797,BEIDLER,520,0,0.0,503,96.7,0,0.0,0,0.0,15,2.9,2,0.4,0,0.0,0,0.0,0,0.0
Network 1,609798,BELDING,605,232,38.3,45,7.4,0,0.0,2,0.3,263,43.5,22,3.6,24,4.0,16,2.6,1,0.2
Network 4,609799,BELL,"1,007",632,62.8,30,3.0,0,0.0,2,0.2,182,18.1,83,8.2,73,7.2,5,0.5,0,0.0
Network 3,609922,BELMONT-CRAGIN,608,20,3.3,27,4.4,0,0.0,3,0.5,555,91.3,2,0.3,0,0.0,1,0.2,0,0.0
Network 13,609800,BENNETT,353,1,0.3,343,97.2,0,0.0,0,0.0,2,0.6,6,1.7,0,0.0,0,0.0,1,0.3
Network 12,610350,BLACK,463,0,0.0,458,98.9,0,0.0,0,0.0,4,0.9,0,0.0,0,0.0,0,0.0,1,0.2
Network 4,609803,BLAINE,912,555,60.9,51,5.6,0,0.0,1,0.1,214,23.5,42,4.6,40,4.4,9,1.0,0,0.0
Network 10,610087,BLAIR,163,30,18.4,29,17.8,0,0.0,0,0.0,102,62.6,0,0.0,1,0.6,0,0.0,1,0.6
OS4,609698,BOGAN HS,856,10,1.2,432,50.5,0,0.0,0,0.0,408,47.7,5,0.6,1,0.1,0,0.0,0,0.0
Network 11,610238,BOND,333,1,0.3,322,96.7,0,0.0,0,0.0,10,3.0,0,0.0,0,0.0,0,0.0,0,0.0
Network 2,609804,BOONE,828,172,20.8,72,8.7,0,0.0,2,0.2,376,45.4,7,0.9,198,23.9,0,0.0,1,0.1
Network 12,609815,BOUCHET,649,0,0.0,638,98.3,0,0.0,0,0.0,4,0.6,6,0.9,0,0.0,0,0.0,1,0.2
OS4,610323,BOWEN HS,359,2,0.6,271,75.5,0,0.0,2,0.6,79,22.0,4,1.1,0,0.0,0,0.0,1,0.3
AUSL,609806,BRADWELL,704,5,0.7,677,96.2,0,0.0,0,0.0,20,2.8,2,0.3,0,0.0,0,0.0,0,0.0
Network 2,610242,BRENNEMANN,474,17,3.6,306,64.6,0,0.0,1,0.2,107,22.6,16,3.4,25,5.3,2,0.4,0,0.0
Network 4,609809,BRENTANO,443,39,8.8,15,3.4,0,0.0,0,0.0,374,84.4,5,1.1,2,0.5,6,1.4,2,0.5
Network 1,609810,BRIDGE,"1,108",490,44.2,14,1.3,0,0.0,1,0.1,546,49.3,25,2.3,30,2.7,2,0.2,0,0.0
Network 13,609811,BRIGHT,299,6,2.0,207,69.2,0,0.0,0,0.0,86,28.8,0,0.0,0,0.0,0,0.0,0,0.0
Network 8,610317,BRIGHTON PARK,518,9,1.7,10,1.9,0,0.0,2,0.4,490,94.6,2,0.4,4,0.8,0,0.0,1,0.2
OS4,610381,BRONZEVILLE HS,448,0,0.0,438,97.8,0,0.0,0,0.0,8,1.8,0,0.0,1,0.2,0,0.0,1,0.2
Charter,400019,BRONZEVILLE LIGHTHOUSE,472,2,0.4,452,95.8,0,0.0,0,0.0,0,0.0,0,0.0,0,0.0,0,0.0,18,3.8
ISP,609726,BROOKS HS,836,4,0.5,687,82.2,0,0.0,1,0.1,128,15.3,9,1.1,2,0.2,0,0.0,5,0.6
Network 13,610091,BROWN R,323,0,0.0,321,99.4,0,0.0,1,0.3,1,0.3,0,0.0,0,0.0,0,0.0,0,0.0
Network 6,609812,BROWN W,271,1,0.4,251,92.6,0,0.0,1,0.4,11,4.1,0,0.0,1,0.4,1,0.4,5,1.8
Network 12,609813,BROWNELL,228,0,0.0,218,95.6,0,0.0,0,0.0,9,3.9,1,0.4,0,0.0,0,0.0,0,0.0
Network 3,609830,BRUNSON,586,1,0.2,542,92.5,0,0.0,2,0.3,38,6.5,1,0.2,0,0.0,1,0.2,1,0.2
Network 2,609817,BUDLONG,839,231,27.5,36,4.3,0,0.0,5,0.6,365,43.5,20,2.4,160,19.1,1,0.1,21,2.5
Network 3,609818,BURBANK,975,20,2.1,54,5.5,0,0.0,5,0.5,883,90.6,3,0.3,5,0.5,1,0.1,4,0.4
OS4,609819,BURKE,447,0,0.0,435,97.3,0,0.0,0,0.0,11,2.5,1,0.2,0,0.0,0,0.0,0,0.0
Network 4,609820,BURLEY,522,310,59.4,19,3.6,0,0.0,1,0.2,123,23.6,33,6.3,36,6.9,0,0.0,0,0.0
ISP,609821,BURNHAM,552,0,0.0,532,96.4,0,0.0,0,0.0,18,3.3,0,0.0,1,0.2,1,0.2,0,0.0
Network 12,609827,BURNSIDE,535,0,0.0,515,96.3,0,0.0,1,0.2,17,3.2,2,0.4,0,0.0,0,0.0,0,0.0
Network 6,609828,BURR,409,148,36.2,40,9.8,0,0.0,0,0.0,185,45.2,23,5.6,12,2.9,0,0.0,1,0.2
Network 8,609829,BURROUGHS,482,17,3.5,7,1.5,0,0.0,0,0.0,456,94.6,0,0.0,0,0.0,1,0.2,1,0.2
Network 10,609832,BYRNE,648,238,36.7,13,2.0,0,0.0,1,0.2,388,59.9,5,0.8,0,0.0,0,0.0,3,0.5
Network 12,609833,CALDWELL,277,0,0.0,272,98.2,0,0.0,0,0.0,1,0.4,3,1.1,0,0.0,0,0.0,1,0.4
Network 8,610353,CALMECA,808,6,0.7,13,1.6,0,0.0,0,0.0,776,96.0,2,0.3,8,1.0,1,0.1,2,0.2
Options,400147,CAMELOT - CHICAGO EXCEL HS,263,3,1.1,251,95.4,0,0.0,0,0.0,8,3.0,1,0.4,0,0.0,0,0.0,0,0.0
Options,610565,CAMELOT - EXCEL ENGLEWOOD HS,284,0,0.0,280,98.6,0,0.0,0,0.0,3,1.1,1,0.4,0,0.0,0,0.0,0,0.0
Options,400176,CAMELOT - EXCEL SOUTHWEST HS,197,0,0.0,175,88.8,0,0.0,0,0.0,11,5.6,3,1.5,0,0.0,0,0.0,8,4.1
Options,400175,CAMELOT - EXCEL WOODLAWN HS,254,1,0.4,245,96.5,0,0.0,0,0.0,7,2.8,1,0.4,0,0.0,0,0.0,0,0.0
Options,610584,CAMELOT SAFE - GARFIELD ES,1,0,0.0,1,100.0,0,0.0,0,0.0,0,0.0,0,0.0,0,0.0,0,0.0,0,0.0
Options,610585,CAMELOT SAFE - GARFIELD HS,10,0,0.0,10,100.0,0,0.0,0,0.0,0,0.0,0,0.0,0,0.0,0,0.0,0,0.0
Options,610572,CAMELOT SAFE ES,15,0,0.0,13,86.7,0,0.0,0,0.0,2,13.3,0,0.0,0,0.0,0,0.0,0,0.0
Options,610573,CAMELOT SAFE HS,14,0,0.0,13,92.9,0,0.0,0,0.0,1,7.1,0,0.0,0,0.0,0,0.0,0,0.0
Network 5,609835,CAMERON,807,7,0.9,253,31.4,0,0.0,0,0.0,542,67.2,5,0.6,0,0.0,0,0.0,0,0.0
Network 3,610539,CAMRAS,"1,052",78,7.4,16,1.5,0,0.0,7,0.7,931,88.5,1,0.1,16,1.5,2,0.2,1,0.1
Network 1,609836,CANTY,833,451,54.1,4,0.5,0,0.0,1,0.1,321,38.5,26,3.1,29,3.5,1,0.1,0,0.0
Network 7,610024,CARDENAS,674,3,0.4,30,4.5,0,0.0,1,0.1,637,94.5,1,0.2,2,0.3,0,0.0,0,0.0
Network 9,609837,CARNEGIE,610,5,0.8,596,97.7,0,0.0,0,0.0,6,1.0,1,0.2,1,0.2,1,0.2,0,0.0
Network 10,609839,CARROLL,479,2,0.4,450,93.9,0,0.0,0,0.0,20,4.2,6,1.3,0,0.0,1,0.2,0,0.0
ISP,609842,CARSON,"1,092",2,0.2,37,3.4,0,0.0,4,0.4,"1,045",95.7,0,0.0,0,0.0,0,0.0,4,0.4
AUSL,609844,CARTER,426,0,0.0,420,98.6,0,0.0,0,0.0,5,1.2,1,0.2,0,0.0,0,0.0,0,0.0
Network 13,609845,CARVER G,485,0,0.0,478,98.6,0,0.0,0,0.0,7,1.4,0,0.0,0,0.0,0,0.0,0,0.0
Service Leadership Academies,609760,CARVER MILITARY HS,490,3,0.6,218,44.5,0,0.0,1,0.2,268,54.7,0,0.0,0,0.0,0,0.0,0,0.0
AUSL,610021,CASALS,458,2,0.4,223,48.7,0,0.0,0,0.0,231,50.4,2,0.4,0,0.0,0,0.0,0,0.0
Network 10,609849,CASSELL,405,300,74.1,36,8.9,0,0.0,2,0.5,52,12.8,10,2.5,3,0.7,1,0.2,1,0.2
Network 7,609826,CASTELLANOS,594,2,0.3,23,3.9,0,0.0,0,0.0,569,95.8,0,0.0,0,0.0,0,0.0,0,0.0
Charter,400021,CATALYST - CIRCLE ROCK,521,0,0.0,509,97.7,0,0.0,0,0.0,5,1.0,2,0.4,1,0.2,0,0.0,4,0.8
Charter,400115,CATALYST - MARIA,"1,098",8,0.7,502,45.7,0,0.0,3,0.3,555,50.5,4,0.4,1,0.1,1,0.1,24,2.2
Network 5,610251,CATHER,367,0,0.0,358,97.5,0,0.0,0,0.0,7,1.9,0,0.0,2,0.5,0,0.0,0,0.0
AUSL,609851,CHALMERS,388,2,0.5,381,98.2,0,0.0,0,0.0,3,0.8,1,0.3,1,0.3,0,0.0,0,0.0
Network 2,609852,CHAPPELL,566,98,17.3,38,6.7,0,0.0,7,1.2,341,60.2,23,4.1,59,10.4,0,0.0,0,0.0
Network 4,609853,CHASE,469,14,3.0,11,2.3,0,0.0,1,0.2,438,93.4,2,0.4,3,0.6,0,0.0,0,0.0
ISP,610148,CHAVEZ,983,8,0.8,45,4.6,0,0.0,4,0.4,925,94.1,0,0.0,0,0.0,0,0.0,1,0.1
AUSL,610248,CHICAGO ACADEMY ES,612,132,21.6,17,2.8,0,0.0,2,0.3,431,70.4,9,1.5,17,2.8,3,0.5,1,0.2
AUSL,610340,CHICAGO ACADEMY HS,542,119,22.0,76,14.0,0,0.0,0,0.0,312,57.6,9,1.7,25,4.6,1,0.2,0,0.0
Network 10,609753,CHICAGO AGRICULTURE HS,717,258,36.0,305,42.5,0,0.0,3,0.4,130,18.1,19,2.7,1,0.1,1,0.1,0,0.0
Contract,400022,CHICAGO ARTS HS,605,99,16.4,309,51.1,0,0.0,1,0.2,154,25.5,21,3.5,12,2.0,2,0.3,7,1.2
Charter,400161,CHICAGO COLLEGIATE,238,0,0.0,230,96.6,0,0.0,0,0.0,6,2.5,1,0.4,0,0.0,1,0.4,0,0.0
Charter,400035,CHICAGO MATH & SCIENCE HS,610,22,3.6,186,30.5,0,0.0,5,0.8,326,53.4,6,1.0,63,10.3,1,0.2,1,0.2
Service Leadership Academies,609754,CHICAGO MILITARY HS,326,5,1.5,245,75.2,0,0.0,1,0.3,74,22.7,1,0.3,0,0.0,0,0.0,0,0.0
Contract,400091,CHICAGO TECH HS,328,9,2.7,251,76.5,0,0.0,1,0.3,62,18.9,2,0.6,3,0.9,0,0.0,0,0.0
Charter,400036,CHICAGO VIRTUAL,683,109,16.0,372,54.5,0,0.0,2,0.3,122,17.9,20,2.9,51,7.5,1,0.1,6,0.9
OS4,609674,CHICAGO VOCATIONAL HS,978,0,0.0,956,97.8,0,0.0,2,0.2,15,1.5,4,0.4,0,0.0,0,0.0,1,0.1
Network 5,609854,CHOPIN,522,35,6.7,104,19.9,0,0.0,1,0.2,373,71.5,4,0.8,1,0.2,2,0.4,2,0.4
Network 8,609855,CHRISTOPHER,379,25,6.6,74,19.5,0,0.0,2,0.5,274,72.3,1,0.3,2,0.5,1,0.3,0,0.0
Charter,400159,CHRISTOPHER HOUSE,224,5,2.2,14,6.3,0,0.0,0,0.0,204,91.1,0,0.0,1,0.4,0,0.0,0,0.0
Charter,400023,CICS - AVALON/SOUTH SHORE,421,1,0.2,407,96.7,0,0.0,1,0.2,6,1.4,3,0.7,1,0.2,0,0.0,2,0.5
Charter,400024,CICS - BASIL,719,0,0.0,622,86.5,0,0.0,2,0.3,90,12.5,3,0.4,1,0.1,0,0.0,1,0.1
Charter,400092,CICS - BOND,351,0,0.0,340,96.9,0,0.0,0,0.0,8,2.3,1,0.3,0,0.0,1,0.3,1,0.3
Charter,400025,CICS - BUCKTOWN,678,20,2.9,64,9.4,0,0.0,6,0.9,571,84.2,12,1.8,3,0.4,0,0.0,2,0.3
Charter,400113,CICS - CHICAGOQUEST HS,225,15,6.7,157,69.8,0,0.0,0,0.0,45,20.0,6,2.7,2,0.9,0,0.0,0,0.0
Charter,400032,CICS - ELLISON HS,458,0,0.0,450,98.3,0,0.0,0,0.0,3,0.7,4,0.9,0,0.0,0,0.0,1,0.2
Charter,400108,CICS - HAWKINS HS,170,0,0.0,167,98.2,0,0.0,0,0.0,3,1.8,0,0.0,0,0.0,0,0.0,0,0.0
Charter,400027,CICS - IRVING PARK,536,98,18.3,26,4.9,0,0.0,1,0.2,363,67.7,15,2.8,32,6.0,1,0.2,0,0.0
Charter,400033,CICS - LONGWOOD,"1,331",1,0.1,"1,313",98.6,0,0.0,0,0.0,15,1.1,1,0.1,0,0.0,1,0.1,0,0.0
Charter,400026,CICS - LOOMIS,571,0,0.0,566,99.1,0,0.0,1,0.2,2,0.4,0,0.0,0,0.0,0,0.0,2,0.4
Charter,400034,CICS - NORTHTOWN HS,879,170,19.3,53,6.0,0,0.0,5,0.6,485,55.2,17,1.9,143,16.3,5,0.6,1,0.1
Charter,400028,CICS - PRAIRIE,410,0,0.0,190,46.3,0,0.0,0,0.0,213,52.0,6,1.5,1,0.2,0,0.0,0,0.0
Charter,400029,CICS - WASHINGTON PARK,453,0,0.0,447,98.7,0,0.0,1,0.2,4,0.9,0,0.0,1,0.2,0,0.0,0,0.0
Charter,400030,CICS - WEST BELDEN,502,5,1.0,34,6.8,0,0.0,0,0.0,462,92.0,1,0.2,0,0.0,0,0.0,0,0.0
Charter,400031,CICS - WRIGHTWOOD,730,5,0.7,681,93.3,0,0.0,1,0.1,24,3.3,14,1.9,0,0.0,0,0.0,5,0.7
Network 10,610347,CLAREMONT,472,3,0.6,412,87.3,0,0.0,0,0.0,50,10.6,1,0.2,0,0.0,5,1.1,1,0.2
Network 3,609795,CLARK ES,270,3,1.1,159,58.9,0,0.0,3,1.1,99,36.7,4,1.5,0,0.0,1,0.4,1,0.4
Network 3,610244,CLARK HS,524,0,0.0,523,99.8,0,0.0,0,0.0,1,0.2,0,0.0,0,0.0,0,0.0,0,0.0
Network 13,609856,CLAY,586,56,9.6,72,12.3,0,0.0,1,0.2,445,75.9,10,1.7,2,0.3,0,0.0,0,0.0
OS4,609759,CLEMENTE HS,766,19,2.5,208,27.2,0,0.0,4,0.5,528,68.9,6,0.8,1,0.1,0,0.0,0,0.0
Network 1,609857,CLEVELAND,679,32,4.7,22,3.2,0,0.0,6,0.9,576,84.8,4,0.6,30,4.4,1,0.1,8,1.2
Network 2,609859,CLINTON,"1,131",186,16.4,158,14.0,0,0.0,2,0.2,329,29.1,8,0.7,447,39.5,0,0.0,1,0.1
Network 10,609861,CLISSOLD,531,141,26.6,340,64.0,0,0.0,1,0.2,36,6.8,5,0.9,6,1.1,2,0.4,0,0.0
Network 13,610199,COLEMON,262,1,0.4,241,92.0,0,0.0,0,0.0,17,6.5,0,0.0,2,0.8,0,0.0,1,0.4
Network 12,609862,COLES,500,0,0.0,479,95.8,0,0.0,0,0.0,13,2.6,1,0.2,1,0.2,0,0.0,6,1.2
AUSL,610499,COLLINS HS,355,0,0.0,349,98.3,0,0.0,0,0.0,3,0.8,2,0.6,1,0.3,0,0.0,0,0.0
Network 8,610170,COLUMBIA EXPLORERS,"1,183",14,1.2,8,0.7,0,0.0,3,0.3,"1,150",97.2,5,0.4,2,0.2,0,0.0,1,0.1
Network 5,609863,COLUMBUS,287,190,66.2,14,4.9,0,0.0,0,0.0,76,26.5,5,1.7,2,0.7,0,0.0,0,0.0
Options,400038,COMMUNITY SERVICES WEST HS,95,0,0.0,92,96.8,0,0.0,0,0.0,3,3.2,0,0.0,0,0.0,0,0.0,0,0.0
Network 11,609864,COOK,416,1,0.2,406,97.6,0,0.0,0,0.0,6,1.4,3,0.7,0,0.0,0,0.0,0,0.0
Network 2,609866,COONLEY,914,560,61.3,11,1.2,0,0.0,2,0.2,232,25.4,62,6.8,44,4.8,3,0.3,0,0.0
Network 7,609867,COOPER,548,2,0.4,13,2.4,0,0.0,3,0.5,526,96.0,1,0.2,2,0.4,0,0.0,1,0.2
Network 7,609870,CORKERY,550,5,0.9,87,15.8,0,0.0,1,0.2,454,82.5,1,0.2,0,0.0,2,0.4,0,0.0
Network 13,609761,CORLISS HS,419,0,0.0,402,95.9,0,0.0,1,0.2,14,3.3,1,0.2,0,0.0,1,0.2,0,0.0
Network 2,610355,COURTENAY,531,54,10.2,248,46.7,0,0.0,2,0.4,182,34.3,8,1.5,24,4.5,4,0.8,9,1.7
Network 6,610561,CRANE MEDICAL HS,497,6,1.2,346,69.6,0,0.0,0,0.0,132,26.6,3,0.6,4,0.8,0,0.0,6,1.2
Network 5,609873,CROWN,323,0,0.0,313,96.9,0,0.0,0,0.0,10,3.1,0,0.0,0,0.0,0,0.0,0,0.0
Network 11,610003,CUFFE,421,0,0.0,415,98.6,0,0.0,0,0.0,5,1.2,1,0.2,0,0.0,0,0.0,0,0.0
Network 13,610004,CULLEN,207,1,0.5,198,95.7,0,0.0,0,0.0,5,2.4,3,1.5,0,0.0,0,0.0,0,0.0
Network 8,609756,CURIE HS,"3,050",72,2.4,386,12.7,0,0.0,13,0.4,"2,487",81.5,8,0.3,83,2.7,1,0.0,0,0.0
AUSL,609900,CURTIS,628,0,0.0,597,95.1,0,0.0,0,0.0,26,4.1,4,0.6,0,0.0,1,0.2,0,0.0
Network 8,610239,DALEY,609,3,0.5,45,7.4,0,0.0,0,0.0,561,92.1,0,0.0,0,0.0,0,0.0,0,0.0
Network 4,609875,DARWIN,512,17,3.3,34,6.6,0,0.0,0,0.0,452,88.3,4,0.8,3,0.6,1,0.2,1,0.2
Network 11,610521,DAVIS M,279,0,0.0,263,94.3,0,0.0,0,0.0,15,5.4,1,0.4,0,0.0,0,0.0,0,0.0
Network 8,609876,DAVIS N,791,17,2.1,12,1.5,0,0.0,0,0.0,757,95.7,1,0.1,3,0.4,0,0.0,1,0.1
Network 10,609879,DAWES,"1,038",14,1.3,192,18.5,0,0.0,7,0.7,803,77.4,3,0.3,1,0.1,4,0.4,14,1.3
Network 5,610313,DE DIEGO,687,19,2.8,145,21.1,0,0.0,3,0.4,456,66.4,3,0.4,7,1.0,0,0.0,54,7.9
Network 2,609880,DECATUR,282,122,43.3,14,5.0,0,0.0,1,0.4,30,10.6,24,8.5,90,31.9,0,0.0,1,0.4
AUSL,609883,DENEEN,577,3,0.5,564,97.7,0,0.0,0,0.0,8,1.4,1,0.2,1,0.2,0,0.0,0,0.0
Network 3,610367,DEPRIEST,683,1,0.1,656,96.0,0,0.0,1,0.1,21,3.1,3,0.4,0,0.0,1,0.1,0,0.0
Network 6,610252,DETT,364,1,0.3,350,96.2,0,0.0,0,0.0,9,2.5,2,0.6,0,0.0,0,0.0,2,0.5
Network 1,609884,DEVER,823,343,41.7,14,1.7,0,0.0,2,0.2,399,48.5,12,1.5,41,5.0,4,0.5,8,1.0
Network 4,610402,DEVRY HS,197,16,8.1,68,34.5,0,0.0,1,0.5,101,51.3,0,0.0,9,4.6,2,1.0,0,0.0
AUSL,609885,DEWEY,403,0,0.0,377,93.5,0,0.0,0,0.0,19,4.7,3,0.7,0,0.0,0,0.0,4,1.0
Network 1,609874,DIRKSEN,859,598,69.6,30,3.5,0,0.0,2,0.2,147,17.1,5,0.6,73,8.5,4,0.5,0,0.0
ISP,610363,DISNEY,"1,624",359,22.1,649,40.0,0,0.0,8,0.5,363,22.4,76,4.7,165,10.2,3,0.2,1,0.1
ISP,610515,DISNEY II ES,416,188,45.2,31,7.5,0,0.0,2,0.5,159,38.2,14,3.4,20,4.8,1,0.2,1,0.2
ISP,610564,DISNEY II HS,635,132,20.8,130,20.5,1,0.2,5,0.8,322,50.7,13,2.1,20,3.2,3,0.5,9,1.4
Network 12,609887,DIXON,595,0,0.0,588,98.8,0,0.0,0,0.0,2,0.3,5,0.8,0,0.0,0,0.0,0,0.0
AUSL,609888,DODGE,122,0,0.0,121,99.2,0,0.0,0,0.0,1,0.8,0,0.0,0,0.0,0,0.0,0,0.0
Network 9,609891,DOOLITTLE,307,0,0.0,303,98.7,0,0.0,0,0.0,3,1.0,1,0.3,0,0.0,0,0.0,0,0.0
ISP,609893,DORE,715,222,31.0,20,2.8,0,0.0,1,0.1,462,64.6,5,0.7,5,0.7,0,0.0,0,0.0
Network 3,610245,DOUGLASS HS,234,1,0.4,221,94.4,0,0.0,0,0.0,7,3.0,3,1.3,0,0.0,0,0.0,2,0.9
Network 9,609894,DRAKE,419,4,1.0,403,96.2,0,0.0,0,0.0,8,1.9,3,0.7,1,0.2,0,0.0,0,0.0
Network 6,609896,DRUMMOND,351,137,39.0,24,6.8,0,0.0,1,0.3,133,37.9,38,10.8,17,4.8,0,0.0,1,0.3
Network 13,610364,DUBOIS,209,1,0.5,200,95.7,0,0.0,0,0.0,6,2.9,1,0.5,0,0.0,0,0.0,1,0.5
AUSL,610263,DULLES,740,3,0.4,723,97.7,0,0.0,0,0.0,10,1.4,2,0.3,0,0.0,1,0.1,1,0.1
Network 9,609676,DUNBAR HS,761,3,0.4,744,97.8,0,0.0,1,0.1,11,1.4,1,0.1,1,0.1,0,0.0,0,0.0
Network 13,610188,DUNNE,252,0,0.0,247,98.0,0,0.0,0,0.0,4,1.6,1,0.4,0,0.0,0,0.0,0,0.0
Network 10,610352,DURKIN PARK,682,30,4.4,76,11.1,0,0.0,3,0.4,566,83.0,7,1.0,0,0.0,0,0.0,0,0.0
AUSL,610254,DVORAK,464,1,0.2,453,97.6,0,0.0,0,0.0,9,1.9,1,0.2,0,0.0,0,0.0,0,0.0
Network 12,610316,EARHART,260,0,0.0,251,96.5,0,0.0,0,0.0,6,2.3,3,1.2,0,0.0,0,0.0,0,0.0
Network 11,609897,EARLE,486,0,0.0,464,95.5,0,0.0,2,0.4,17,3.5,0,0.0,0,0.0,0,0.0,3,0.6
Network 10,609898,EBERHART,"1,472",27,1.8,60,4.1,0,0.0,1,0.1,"1,380",93.8,4,0.3,0,0.0,0,0.0,0,0.0
Network 1,609899,EBINGER,776,603,77.7,6,0.8,1,0.1,2,0.3,127,16.4,11,1.4,21,2.7,3,0.4,2,0.3
ISP,609901,EDGEBROOK,511,347,67.9,10,2.0,0,0.0,2,0.4,81,15.9,18,3.5,49,9.6,4,0.8,0,0.0
Network 1,609794,EDISON,278,156,56.1,11,4.0,0,0.0,0,0.0,35,12.6,25,9.0,50,18.0,1,0.4,0,0.0
Network 1,610523,EDISON PARK,549,373,67.9,8,1.5,1,0.2,1,0.2,119,21.7,3,0.6,33,6.0,1,0.2,10,1.8
Network 8,609903,EDWARDS,"1,501",38,2.5,12,0.8,0,0.0,6,0.4,"1,427",95.1,5,0.3,7,0.5,2,0.1,4,0.3
Network 3,609904,ELLINGTON,709,2,0.3,688,97.0,0,0.0,0,0.0,16,2.3,2,0.3,0,0.0,0,0.0,1,0.1
Charter,400094,EPIC HS,438,4,0.9,250,57.1,0,0.0,0,0.0,169,38.6,4,0.9,0,0.0,0,0.0,11,2.5
Network 5,609907,ERICSON,478,0,0.0,462,96.7,0,0.0,0,0.0,6,1.3,1,0.2,1,0.2,0,0.0,8,1.7
Charter,400039,ERIE,423,6,1.4,63,14.9,0,0.0,0,0.0,343,81.1,10,2.4,1,0.2,0,0.0,0,0.0
Network 10,609908,ESMOND,289,0,0.0,283,97.9,0,0.0,0,0.0,5,1.7,1,0.4,0,0.0,0,0.0,0,0.0
Network 8,609909,EVERETT,236,11,4.7,3,1.3,0,0.0,0,0.0,214,90.7,4,1.7,4,1.7,0,0.0,0,0.0
Network 8,610319,EVERGREEN,317,17,5.4,8,2.5,0,0.0,1,0.3,276,87.1,4,1.3,10,3.2,0,0.0,1,0.3
Network 11,610362,EVERS,364,0,0.0,363,99.7,0,0.0,0,0.0,1,0.3,0,0.0,0,0.0,0,0.0,0,0.0
Network 10,610057,FAIRFIELD,604,5,0.8,183,30.3,0,0.0,4,0.7,406,67.2,3,0.5,0,0.0,0,0.0,3,0.5
Network 3,609910,FALCONER,"1,316",48,3.6,32,2.4,0,0.0,7,0.5,"1,215",92.3,1,0.1,10,0.8,1,0.1,2,0.2
Network 5,610055,FARADAY,342,0,0.0,340,99.4,0,0.0,0,0.0,2,0.6,0,0.0,0,0.0,0,0.0,0,0.0
Network 1,609912,FARNSWORTH,613,251,40.9,17,2.8,0,0.0,0,0.0,249,40.6,6,1.0,85,13.9,3,0.5,2,0.3
Network 7,609704,FARRAGUT HS,916,6,0.7,109,11.9,0,0.0,2,0.2,798,87.1,0,0.0,0,0.0,0,0.0,1,0.1
Network 13,609705,FENGER HS,271,1,0.4,265,97.8,0,0.0,0,0.0,3,1.1,1,0.4,0,0.0,1,0.4,0,0.0
Network 13,609917,FERNWOOD,356,0,0.0,353,99.2,0,0.0,0,0.0,1,0.3,1,0.3,0,0.0,1,0.3,0,0.0
Network 2,609918,FIELD,300,4,1.3,97,32.3,0,0.0,1,0.3,164,54.7,2,0.7,30,10.0,0,0.0,2,0.7
Network 7,609967,FINKL,457,11,2.4,61,13.3,0,0.0,0,0.0,382,83.6,2,0.4,1,0.2,0,0.0,0,0.0
Network 9,609919,FISKE,511,0,0.0,507,99.2,0,0.0,0,0.0,4,0.8,0,0.0,0,0.0,0,0.0,0,0.0
Network 1,609708,FOREMAN HS,"1,045",34,3.3,178,17.0,0,0.0,4,0.4,815,78.0,4,0.4,8,0.8,1,0.1,1,0.1
Network 11,609924,FORT DEARBORN,386,0,0.0,380,98.4,0,0.0,0,0.0,4,1.0,1,0.3,0,0.0,1,0.3,0,0.0
Network 11,609927,FOSTER PARK,398,1,0.3,385,96.7,0,0.0,0,0.0,9,2.3,1,0.3,2,0.5,0,0.0,0,0.0
Charter,400171,FOUNDATIONS,163,0,0.0,159,97.5,0,0.0,0,0.0,2,1.2,0,0.0,0,0.0,0,0.0,2,1.2
Network 4,609926,FRANKLIN,360,115,31.9,133,36.9,0,0.0,0,0.0,75,20.8,14,3.9,23,6.4,0,0.0,0,0.0
Charter,400040,FRAZIER CHARTER,428,0,0.0,415,97.0,0,0.0,0,0.0,6,1.4,2,0.5,0,0.0,0,0.0,5,1.2
Network 5,610503,FRAZIER PROSPECTIVE,275,1,0.4,258,93.8,0,0.0,0,0.0,11,4.0,5,1.8,0,0.0,0,0.0,0,0.0
AUSL,609928,FULLER,392,0,0.0,385,98.2,0,0.0,0,0.0,6,1.5,1,0.3,0,0.0,0,0.0,0,0.0
Network 11,609929,FULTON,419,8,1.9,193,46.1,0,0.0,2,0.5,214,51.1,1,0.2,0,0.0,0,0.0,1,0.2
Network 4,609930,FUNSTON,504,4,0.8,48,9.5,0,0.0,0,0.0,451,89.5,1,0.2,0,0.0,0,0.0,0,0.0
Network 8,609709,GAGE PARK HS,406,4,1.0,189,46.6,0,0.0,2,0.5,206,50.7,1,0.3,1,0.2,1,0.2,2,0.5
Charter,400041,GALAPAGOS,333,2,0.6,306,91.9,0,0.0,0,0.0,21,6.3,0,0.0,0,0.0,0,0.0,4,1.2
Network 2,609933,GALE,381,19,5.0,229,60.1,0,0.0,0,0.0,106,27.8,5,1.3,21,5.5,0,0.0,1,0.3
Network 6,610009,GALILEO,548,32,5.8,120,21.9,0,0.0,0,0.0,355,64.8,16,2.9,21,3.8,3,0.5,1,0.2
Network 13,609935,GALLISTEL,"1,200",17,1.4,27,2.3,0,0.0,6,0.5,"1,146",95.5,1,0.1,0,0.0,0,0.0,3,0.3
Network 13,610128,GARVEY,269,0,0.0,267,99.3,0,0.0,0,0.0,0,0.0,2,0.7,0,0.0,0,0.0,0,0.0
Network 1,609937,GARVY,810,490,60.5,6,0.7,0,0.0,2,0.2,224,27.7,22,2.7,52,6.4,14,1.7,0,0.0
Network 7,609938,GARY,"1,149",13,1.1,2,0.2,0,0.0,6,0.5,"1,124",97.8,0,0.0,1,0.1,0,0.0,3,0.3
Network 12,609939,GILLESPIE,553,2,0.4,537,97.1,0,0.0,0,0.0,12,2.2,1,0.2,0,0.0,0,0.0,1,0.2
Charter,400009,GLOBAL CITIZENSHIP,450,28,6.2,19,4.2,0,0.0,1,0.2,399,88.7,3,0.7,0,0.0,0,0.0,0,0.0
Network 4,609942,GOETHE,776,120,15.5,26,3.4,0,0.0,12,1.5,597,76.9,12,1.6,3,0.4,0,0.0,6,0.8
Network 10,610558,GOODE HS,831,8,1.0,479,57.6,0,0.0,3,0.4,332,40.0,7,0.8,2,0.2,0,0.0,0,0.0
Network 2,609945,GOUDY,746,43,5.8,150,20.1,0,0.0,4,0.5,245,32.8,8,1.1,292,39.1,2,0.3,2,0.3
Network 6,609947,GRAHAM ES,482,131,27.2,117,24.3,0,0.0,0,0.0,228,47.3,2,0.4,2,0.4,1,0.2,1,0.2
Network 6,609769,GRAHAM HS,132,1,0.8,77,58.3,0,0.0,0,0.0,49,37.1,1,0.8,2,1.5,1,0.8,1,0.8
Network 1,609949,GRAY,"1,262",126,10.0,21,1.7,0,0.0,3,0.2,"1,072",84.9,8,0.6,26,2.1,2,0.2,4,0.3
Charter,400168,GREAT LAKES,198,0,0.0,165,83.3,0,0.0,0,0.0,18,9.1,0,0.0,0,0.0,0,0.0,15,7.6
Network 4,609850,GREELEY,655,63,9.6,102,15.6,0,0.0,4,0.6,460,70.2,10,1.5,16,2.4,0,0.0,0,0.0
Network 11,610032,GREEN,365,0,0.0,360,98.6,0,0.0,0,0.0,2,0.5,2,0.6,1,0.3,0,0.0,0,0.0
Network 8,609952,GREENE,597,26,4.4,15,2.5,0,0.0,1,0.2,538,90.1,3,0.5,13,2.2,0,0.0,1,0.2
Network 5,609954,GREGORY,414,0,0.0,405,97.8,0,0.0,0,0.0,9,2.2,0,0.0,0,0.0,0,0.0,0,0.0
AUSL,609955,GRESHAM,345,0,0.0,341,98.8,0,0.0,0,0.0,3,0.9,0,0.0,0,0.0,1,0.3,0,0.0
Network 10,609956,GRIMES,470,45,9.6,3,0.6,0,0.0,0,0.0,417,88.7,2,0.4,2,0.4,0,0.0,1,0.2
Network 13,609944,GRISSOM,351,64,18.2,13,3.7,0,0.0,1,0.3,270,76.9,2,0.6,1,0.3,0,0.0,0,0.0
Network 8,609958,GUNSAULUS,804,10,1.2,32,4.0,0,0.0,6,0.7,727,90.4,7,0.9,20,2.5,2,0.2,0,0.0
ISP,609959,HAINES,659,2,0.3,80,12.1,0,0.0,0,0.0,15,2.3,5,0.8,552,83.8,4,0.6,1,0.2
Network 10,609960,HALE,930,258,27.7,6,0.6,0,0.0,6,0.6,644,69.2,6,0.7,10,1.1,0,0.0,0,0.0
Network 13,609808,HALEY,562,3,0.5,555,98.8,0,0.0,0,0.0,2,0.4,1,0.2,1,0.2,0,0.0,0,0.0
Network 4,609963,HAMILTON,454,269,59.3,35,7.7,0,0.0,0,0.0,109,24.0,22,4.9,15,3.3,3,0.7,1,0.2
Network 8,609964,HAMLINE,656,4,0.6,57,8.7,0,0.0,0,0.0,588,89.6,4,0.6,3,0.5,0,0.0,0,0.0
Network 7,609966,HAMMOND,479,6,1.3,38,7.9,0,0.0,0,0.0,432,90.2,1,0.2,0,0.0,0,0.0,2,0.4
Network 10,609807,HAMPTON,571,1,0.2,268,46.9,0,0.0,4,0.7,277,48.5,7,1.2,0,0.0,0,0.0,14,2.5
Network 8,609694,HANCOCK HS,905,18,2.0,11,1.2,0,0.0,5,0.6,861,95.1,3,0.3,7,0.8,0,0.0,0,0.0
Network 3,610068,HANSON PARK,"1,550",32,2.1,22,1.4,0,0.0,5,0.3,"1,481",95.5,2,0.1,4,0.3,1,0.1,3,0.2
Network 12,609710,HARLAN HS,613,0,0.0,606,98.9,0,0.0,0,0.0,4,0.7,2,0.3,0,0.0,0,0.0,1,0.2
Network 11,609711,HARPER HS,253,0,0.0,244,96.4,0,0.0,0,0.0,7,2.8,1,0.4,0,0.0,0,0.0,1,0.4
Network 9,609969,HARTE,384,13,3.4,321,83.6,0,0.0,2,0.5,36,9.4,6,1.6,5,1.3,1,0.3,0,0.0
AUSL,609971,HARVARD,425,1,0.2,418,98.4,0,0.0,0,0.0,4,0.9,1,0.2,0,0.0,1,0.2,0,0.0
Network 1,609972,HAUGAN,"1,034",49,4.7,37,3.6,0,0.0,2,0.2,885,85.6,2,0.2,56,5.4,1,0.1,2,0.2
Network 4,609974,HAWTHORNE,572,295,51.6,52,9.1,0,0.0,6,1.0,128,22.4,34,5.9,49,8.6,8,1.4,0,0.0
Network 3,609975,HAY,466,0,0.0,411,88.2,0,0.0,0,0.0,51,10.9,3,0.6,1,0.2,0,0.0,0,0.0
Network 2,609976,HAYT,"1,006",108,10.7,166,16.5,0,0.0,8,0.8,479,47.6,11,1.1,226,22.5,4,0.4,4,0.4
ISP,609979,HEALY,"1,453",116,8.0,12,0.8,0,0.0,3,0.2,345,23.7,17,1.2,927,63.8,31,2.1,2,0.1
Network 10,609981,HEARST,337,5,1.5,130,38.6,0,0.0,0,0.0,195,57.9,3,0.9,1,0.3,1,0.3,2,0.6
Network 8,609983,HEDGES,737,11,1.5,15,2.0,0,0.0,2,0.3,709,96.2,0,0.0,0,0.0,0,0.0,0,0.0
Network 5,609985,HEFFERAN,430,1,0.2,423,98.4,0,0.0,0,0.0,4,0.9,1,0.2,0,0.0,0,0.0,1,0.2
Network 11,609986,HENDERSON,338,0,0.0,314,92.9,0,0.0,0,0.0,22,6.5,2,0.6,0,0.0,0,0.0,0,0.0
Network 9,609987,HENDRICKS,245,7,2.9,219,89.4,0,0.0,0,0.0,17,6.9,2,0.8,0,0.0,0,0.0,0,0.0
Network 1,609988,HENRY,646,45,7.0,28,4.3,0,0.0,6,0.9,539,83.4,3,0.5,14,2.2,6,0.9,5,0.8
Network 8,610532,HERNANDEZ,965,7,0.7,23,2.4,0,0.0,4,0.4,929,96.3,2,0.2,0,0.0,0,0.0,0,0.0
AUSL,609991,HERZL,620,1,0.2,592,95.5,0,0.0,0,0.0,16,2.6,4,0.7,0,0.0,1,0.2,6,1.0
Network 1,609994,HIBBARD,"1,099",61,5.6,64,5.8,0,0.0,6,0.5,859,78.2,12,1.1,84,7.6,2,0.2,11,1.0
Network 13,610295,HIGGINS,308,0,0.0,300,97.4,0,0.0,0,0.0,7,2.3,1,0.3,0,0.0,0,0.0,0,0.0
OS4,609712,HIRSCH HS,150,1,0.7,145,96.7,0,0.0,0,0.0,3,2.0,0,0.0,0,0.0,0,0.0,1,0.7
Network 1,609995,HITCH,592,271,45.8,9,1.5,0,0.0,1,0.2,237,40.0,22,3.7,51,8.6,1,0.2,0,0.0
Network 6,609996,HOLDEN,496,51,10.3,33,6.7,0,0.0,1,0.2,325,65.5,5,1.0,81,16.3,0,0.0,0,0.0
OS4,609997,HOLMES,238,0,0.0,228,95.8,0,0.0,0,0.0,8,3.4,2,0.8,0,0.0,0,0.0,0,0.0
Network 11,609768,HOPE HS,199,3,1.5,180,90.5,0,0.0,0,0.0,16,8.0,0,0.0,0,0.0,0,0.0,0,0.0
Contract,400043,HOPE INSTITUTE,379,8,2.1,336,88.7,0,0.0,0,0.0,29,7.7,5,1.3,1,0.3,0,0.0,0,0.0
Charter,400167,HORIZON - SOUTHWEST,559,4,0.7,209,37.4,0,0.0,1,0.2,343,61.4,2,0.4,0,0.0,0,0.0,0,0.0
AUSL,610000,HOWE,527,1,0.2,510,96.8,0,0.0,0,0.0,14,2.7,1,0.2,1,0.2,0,0.0,0,0.0
Network 12,610002,HOYNE,258,0,0.0,247,95.7,0,0.0,0,0.0,4,1.6,3,1.2,0,0.0,0,0.0,4,1.6
Network 10,609741,HUBBARD HS,"1,705",46,2.7,101,5.9,0,0.0,6,0.4,"1,542",90.4,6,0.4,4,0.2,0,0.0,0,0.0
Network 5,610005,HUGHES C,324,0,0.0,320,98.8,0,0.0,0,0.0,2,0.6,1,0.3,0,0.0,0,0.0,1,0.3
Network 13,610368,HUGHES L,511,1,0.2,491,96.1,0,0.0,0,0.0,16,3.1,3,0.6,0,0.0,0,0.0,0,0.0
Network 10,610006,HURLEY,862,2,0.2,5,0.6,0,0.0,1,0.1,850,98.6,0,0.0,0,0.0,0,0.0,4,0.5
Network 9,609713,HYDE PARK HS,807,0,0.0,796,98.6,0,0.0,1,0.1,7,0.9,3,0.4,0,0.0,0,0.0,0,0.0
Network 7,610384,INFINITY HS,419,2,0.5,13,3.1,0,0.0,1,0.2,402,95.9,1,0.2,0,0.0,0,0.0,0,0.0
Charter,400104,INSTITUTO - HEALTH,769,6,0.8,30,3.9,0,0.0,1,0.1,732,95.2,0,0.0,0,0.0,0,0.0,0,0.0
Options,400148,INSTITUTO - LOZANO HS,144,3,2.1,0,0.0,0,0.0,0,0.0,134,93.1,0,0.0,0,0.0,0,0.0,7,4.9
Options,400164,INSTITUTO - LOZANO MASTERY HS,49,1,2.0,2,4.1,0,0.0,0,0.0,46,93.9,0,0.0,0,0.0,0,0.0,0,0.0
Network 4,610078,INTER-AMERICAN,649,71,10.9,10,1.5,0,0.0,2,0.3,533,82.1,8,1.2,5,0.8,0,0.0,20,3.1
Charter,400162,INTRINSIC HS,827,51,6.2,55,6.7,0,0.0,3,0.4,693,83.8,5,0.6,20,2.4,0,0.0,0,0.0
Network 6,610121,IRVING,518,8,1.5,377,72.8,0,0.0,0,0.0,116,22.4,8,1.5,5,1.0,2,0.4,2,0.4
Network 6,610060,JACKSON A,565,97,17.2,168,29.7,0,0.0,1,0.2,178,31.5,17,3.0,104,18.4,0,0.0,0,0.0
Network 11,610369,JACKSON M,349,0,0.0,344,98.6,0,0.0,0,0.0,2,0.6,2,0.6,0,0.0,0,0.0,1,0.3
Network 4,610010,JAHN,323,53,16.4,42,13.0,0,0.0,0,0.0,216,66.9,7,2.2,2,0.6,3,0.9,0,0.0
Network 2,610011,JAMIESON,891,276,31.0,54,6.1,0,0.0,1,0.1,296,33.2,34,3.8,226,25.4,2,0.2,2,0.2
Options,609783,JEFFERSON HS,289,7,2.4,219,75.8,0,0.0,0,0.0,55,19.0,2,0.7,0,0.0,0,0.0,6,2.1
Network 6,610012,JENNER,246,1,0.4,238,96.7,0,0.0,0,0.0,3,1.2,1,0.4,1,0.4,0,0.0,2,0.8
Network 5,610271,JENSEN,462,0,0.0,439,95.0,0,0.0,1,0.2,21,4.5,1,0.2,0,0.0,0,0.0,0,0.0
AUSL,610274,JOHNSON,520,3,0.6,498,95.8,0,0.0,0,0.0,8,1.5,1,0.2,0,0.0,0,0.0,10,1.9
ISP,609678,JONES HS,"1,670",566,33.9,278,16.6,0,0.0,6,0.4,494,29.6,46,2.8,195,11.7,9,0.5,76,4.6
Network 11,609805,JOPLIN,416,0,0.0,409,98.3,0,0.0,0,0.0,6,1.4,0,0.0,0,0.0,0,0.0,1,0.2
Network 2,609865,JORDAN,586,5,0.9,190,32.4,0,0.0,1,0.2,362,61.8,8,1.4,16,2.7,0,0.0,4,0.7
ISP,609764,JUAREZ HS,"1,686",13,0.8,53,3.1,0,0.0,8,0.5,"1,592",94.4,7,0.4,13,0.8,0,0.0,0,0.0
Network 13,609762,JULIAN HS,720,0,0.0,718,99.7,0,0.0,0,0.0,1,0.1,1,0.1,0,0.0,0,0.0,0,0.0
Network 7,610015,JUNGMAN,298,2,0.7,26,8.7,0,0.0,3,1.0,266,89.3,0,0.0,0,0.0,0,0.0,1,0.3
Network 7,609920,KANOON,722,1,0.1,15,2.1,0,0.0,0,0.0,706,97.8,0,0.0,0,0.0,0,0.0,0,0.0
ISP,610084,KELLER,244,81,33.2,82,33.6,0,0.0,0,0.0,29,11.9,7,2.9,40,16.4,2,0.8,3,1.2
Network 5,609925,KELLMAN,371,0,0.0,371,100.0,0,0.0,0,0.0,0,0.0,0,0.0,0,0.0,0,0.0,0,0.0
Network 10,610016,KELLOGG,252,28,11.1,201,79.8,0,0.0,2,0.8,13,5.2,8,3.2,0,0.0,0,0.0,0,0.0
OS4,609715,KELLY HS,"2,248",43,1.9,69,3.1,0,0.0,3,0.1,"1,816",80.8,3,0.1,311,13.8,2,0.1,1,0.0
Network 4,609716,KELVYN PARK HS,711,12,1.7,48,6.8,0,0.0,4,0.6,637,89.6,1,0.1,4,0.6,0,0.0,5,0.7
Network 10,609718,KENNEDY HS,"1,629",409,25.1,61,3.7,0,0.0,6,0.4,"1,133",69.6,5,0.3,11,0.7,4,0.2,0,0.0
Network 9,609746,KENWOOD HS,"1,724",46,2.7,"1,461",84.7,1,0.1,4,0.2,80,4.6,44,2.6,52,3.0,1,0.1,35,2.0
Network 11,610019,KERSHAW,293,1,0.3,290,99.0,0,0.0,0,0.0,2,0.7,0,0.0,0,0.0,0,0.0,0,0.0
Network 2,610022,KILMER,744,47,6.3,177,23.8,0,0.0,2,0.3,428,57.5,18,2.4,70,9.4,1,0.1,1,0.1
Network 11,610299,KING ES,241,0,0.0,241,100.0,0,0.0,0,0.0,0,0.0,0,0.0,0,0.0,0,0.0,0,0.0
Network 9,609751,KING HS,695,5,0.7,640,92.1,0,0.0,0,0.0,32,4.6,5,0.7,13,1.9,0,0.0,0,0.0
ISP,610026,KINZIE,669,173,25.9,21,3.1,0,0.0,4,0.6,462,69.1,5,0.8,4,0.6,0,0.0,0,0.0
Network 11,610027,KIPLING,368,1,0.3,361,98.1,0,0.0,0,0.0,3,0.8,2,0.5,0,0.0,1,0.3,0,0.0
Charter,400044,KIPP - ASCEND,623,3,0.5,584,93.7,0,0.0,2,0.3,32,5.1,1,0.2,0,0.0,0,0.0,1,0.2
Charter,400177,KIPP CHICAGO - ASCEND PRIMARY,208,2,1.0,195,93.8,0,0.0,0,0.0,10,4.8,0,0.0,1,0.5,0,0.0,0,0.0
Charter,400163,KIPP CHICAGO - BLOOM,257,0,0.0,250,97.3,0,0.0,0,0.0,3,1.2,3,1.2,0,0.0,0,0.0,1,0.4
Charter,400146,KIPP CHICAGO - CREATE,319,0,0.0,311,97.5,0,0.0,0,0.0,7,2.2,1,0.3,0,0.0,0,0.0,0,0.0
Network 9,610030,KOZMINSKI,343,1,0.3,335,97.7,0,0.0,0,0.0,5,1.5,1,0.3,1,0.3,0,0.0,0,0.0
Network 2,609719,LAKE VIEW HS,"1,289",161,12.5,163,12.6,0,0.0,6,0.5,882,68.4,26,2.0,49,3.8,2,0.2,0,0.0
Network 4,609720,LANE TECH HS,"4,055","1,408",34.7,344,8.5,0,0.0,19,0.5,"1,723",42.5,109,2.7,441,10.9,11,0.3,0,0.0
Network 11,609869,LANGFORD,373,0,0.0,367,98.4,0,0.0,0,0.0,5,1.3,1,0.3,0,0.0,0,0.0,0,0.0
Network 8,609993,LARA,481,4,0.8,18,3.7,0,0.0,0,0.0,458,95.2,0,0.0,1,0.2,0,0.0,0,0.0
Network 4,610033,LASALLE,559,179,32.0,172,30.8,0,0.0,0,0.0,117,20.9,40,7.2,49,8.8,1,0.2,1,0.2
Network 6,610520,LASALLE II,591,176,29.8,113,19.1,0,0.0,1,0.2,253,42.8,25,4.2,21,3.6,2,0.3,0,0.0
Network 13,610208,LAVIZZO,412,0,0.0,404,98.1,0,0.0,0,0.0,8,1.9,0,0.0,0,0.0,0,0.0,0,0.0
Network 5,610034,LAWNDALE,388,1,0.3,381,98.2,0,0.0,0,0.0,4,1.0,2,0.5,0,0.0,0,0.0,0,0.0
Charter,400151,LEARN - 7,353,0,0.0,338,95.8,0,0.0,0,0.0,9,2.5,2,0.6,1,0.3,0,0.0,3,0.9
Charter,400046,LEARN - BUTLER,622,1,0.2,611,98.2,0,0.0,0,0.0,9,1.4,0,0.0,0,0.0,0,0.0,1,0.2
Charter,400047,LEARN - CAMPBELL,453,1,0.2,426,94.0,0,0.0,0,0.0,22,4.9,0,0.0,0,0.0,0,0.0,4,0.9
Charter,400048,LEARN - EXCEL,436,0,0.0,423,97.0,0,0.0,0,0.0,12,2.8,0,0.0,0,0.0,0,0.0,1,0.2
Charter,400165,LEARN - MIDDLE,242,0,0.0,235,97.1,0,0.0,1,0.4,6,2.5,0,0.0,0,0.0,0,0.0,0,0.0
Charter,400111,LEARN - PERKINS,495,0,0.0,486,98.2,0,0.0,0,0.0,6,1.2,1,0.2,0,0.0,0,0.0,2,0.4
Charter,400107,LEARN - SOUTH CHICAGO,497,3,0.6,432,86.9,0,0.0,0,0.0,60,12.1,1,0.2,0,0.0,0,0.0,1,0.2
Network 10,610291,LEE,872,22,2.5,4,0.5,0,0.0,0,0.0,844,96.8,0,0.0,2,0.2,0,0.0,0,0.0
Charter,400049,LEGACY,478,0,0.0,458,95.8,0,0.0,1,0.2,14,2.9,0,0.0,0,0.0,0,0.0,5,1.0
Charter,400119,LEGAL PREP HS,290,0,0.0,288,99.3,0,0.0,0,0.0,2,0.7,0,0.0,0,0.0,0,0.0,0,0.0
Network 3,610305,LELAND,583,0,0.0,574,98.5,0,0.0,1,0.2,8,1.4,0,0.0,0,0.0,0,0.0,0,0.0
ISP,610298,LENART,290,39,13.4,171,59.0,0,0.0,3,1.0,17,5.9,14,4.8,42,14.5,4,1.4,0,0.0
AUSL,610036,LEWIS,499,2,0.4,385,77.2,0,0.0,0,0.0,106,21.2,2,0.4,1,0.2,1,0.2,2,0.4
Network 11,610037,LIBBY,360,0,0.0,288,80.0,0,0.0,0,0.0,68,18.9,4,1.1,0,0.0,0,0.0,0,0.0
Network 4,610038,LINCOLN,838,524,62.5,99,11.8,0,0.0,4,0.5,85,10.1,46,5.5,80,9.5,0,0.0,0,0.0
ISP,609738,LINCOLN PARK HS,"2,114",595,28.1,479,22.7,0,0.0,7,0.3,721,34.1,84,4.0,228,10.8,0,0.0,0,0.0
Network 11,610391,LINDBLOM HS,"1,254",19,1.5,881,70.3,0,0.0,4,0.3,309,24.6,11,0.9,19,1.5,2,0.2,9,0.7
Options,400137,LITTLE BLACK PEARL HS,158,0,0.0,154,97.5,0,0.0,0,0.0,2,1.3,2,1.3,0,0.0,0,0.0,0,0.0
Network 7,609834,LITTLE VILLAGE,858,2,0.2,1,0.1,0,0.0,1,0.1,854,99.5,0,0.0,0,0.0,0,0.0,0,0.0
ISP,610040,LLOYD,"1,237",11,0.9,29,2.3,0,0.0,2,0.2,"1,190",96.2,1,0.1,0,0.0,3,0.2,1,0.1
Charter,400011,LOCKE A,569,0,0.0,565,99.3,0,0.0,0,0.0,4,0.7,0,0.0,0,0.0,0,0.0,0,0.0
Network 3,610041,LOCKE J,"1,357",145,10.7,34,2.5,0,0.0,5,0.4,"1,126",83.0,4,0.3,27,2.0,16,1.2,0,0.0
Network 4,610325,LOGANDALE,836,18,2.2,50,6.0,0,0.0,1,0.1,754,90.2,2,0.2,4,0.5,4,0.5,3,0.4
Network 4,610541,LORCA,898,41,4.6,13,1.4,0,0.0,1,0.1,798,88.9,3,0.3,1,0.1,0,0.0,41,4.6
Network 3,610043,LOVETT,424,3,0.7,358,84.4,0,0.0,0,0.0,58,13.7,1,0.2,0,0.0,0,0.0,4,0.9
Network 5,610044,LOWELL,523,8,1.5,111,21.2,0,0.0,0,0.0,400,76.5,3,0.6,0,0.0,1,0.2,0,0.0
Network 6,610029,LOZANO,253,5,2.0,46,18.2,0,0.0,1,0.4,196,77.5,3,1.2,0,0.0,1,0.4,1,0.4
Network 3,610046,LYON,"1,487",81,5.4,36,2.4,0,0.0,12,0.8,"1,328",89.3,5,0.3,19,1.3,4,0.3,2,0.1
Network 7,610215,MADERO,327,2,0.6,1,0.3,0,0.0,1,0.3,323,98.8,0,0.0,0,0.0,0,0.0,0,0.0
Network 12,610047,MADISON,220,1,0.5,217,98.6,0,0.0,0,0.0,1,0.5,1,0.5,0,0.0,0,0.0,0,0.0
Options,610581,MAGIC JOHNSON - BRAINERD HS,135,1,0.7,132,97.8,0,0.0,0,0.0,1,0.7,1,0.7,0,0.0,0,0.0,0,0.0
Options,610582,MAGIC JOHNSON - ENGLEWOOD HS,155,2,1.3,149,96.1,0,0.0,0,0.0,3,1.9,1,0.7,0,0.0,0,0.0,0,0.0
Options,610580,MAGIC JOHNSON - HUMBOLDT PK HS,199,6,3.0,68,34.2,0,0.0,1,0.5,121,60.8,2,1.0,0,0.0,0,0.0,1,0.5
Options,610566,MAGIC JOHNSON - N LAWNDALE HS,200,0,0.0,189,94.5,0,0.0,0,0.0,10,5.0,0,0.0,1,0.5,0,0.0,0,0.0
Options,610567,MAGIC JOHNSON - ROSELAND HS,206,1,0.5,199,96.6,0,0.0,0,0.0,5,2.4,1,0.5,0,0.0,0,0.0,0,0.0
Network 4,610048,MANIERRE,349,1,0.3,334,95.7,0,0.0,0,0.0,13,3.7,1,0.3,0,0.0,0,0.0,0,0.0
Network 5,609722,MANLEY HS,248,1,0.4,235,94.8,0,0.0,0,0.0,9,3.6,1,0.4,0,0.0,0,0.0,2,0.8
OS4,610052,MANN,385,0,0.0,380,98.7,0,0.0,0,0.0,5,1.3,0,0.0,0,0.0,0,0.0,0,0.0
Service Leadership Academies,609780,MARINE LEADERSHIP AT AMES HS,793,4,0.5,82,10.3,0,0.0,2,0.3,699,88.1,4,0.5,2,0.3,0,0.0,0,0.0
AUSL,610053,MARQUETTE,"1,238",12,1.0,458,37.0,0,0.0,4,0.3,759,61.3,3,0.2,1,0.1,1,0.1,0,0.0
Network 13,610054,MARSH,866,9,1.0,68,7.9,0,0.0,2,0.2,783,90.4,1,0.1,1,0.1,2,0.2,0,0.0
ISP,609723,MARSHALL HS,425,0,0.0,416,97.9,0,0.0,1,0.2,6,1.4,2,0.5,0,0.0,0,0.0,0,0.0
Network 1,610321,MARSHALL MIDDLE,56,1,1.8,7,12.5,0,0.0,1,1.8,42,75.0,0,0.0,3,5.4,0,0.0,2,3.6
Network 5,610056,MASON,389,3,0.8,386,99.2,0,0.0,0,0.0,0,0.0,0,0.0,0,0.0,0,0.0,0,0.0
Network 2,609724,MATHER HS,"1,576",334,21.2,183,11.6,0,0.0,8,0.5,571,36.2,26,1.7,453,28.7,1,0.1,0,0.0
Network 4,610059,MAYER,683,448,65.6,77,11.3,0,0.0,2,0.3,116,17.0,11,1.6,22,3.2,7,1.0,0,0.0
Network 11,610290,MAYS,480,0,0.0,469,97.7,0,0.0,0,0.0,9,1.9,2,0.4,0,0.0,0,0.0,0,0.0
Network 4,609968,MCAULIFFE,767,18,2.3,39,5.1,0,0.0,1,0.1,703,91.7,4,0.5,0,0.0,0,0.0,2,0.3
Network 6,610062,MCCLELLAN,308,58,18.8,84,27.3,0,0.0,1,0.3,141,45.8,7,2.3,13,4.2,3,1.0,1,0.3
Network 7,610063,MCCORMICK,779,3,0.4,2,0.3,0,0.0,1,0.1,773,99.2,0,0.0,0,0.0,0,0.0,0,0.0
Network 2,610269,MCCUTCHEON,447,25,5.6,210,47.0,0,0.0,1,0.2,118,26.4,12,2.7,81,18.1,0,0.0,0,0.0
Network 12,610066,MCDADE,192,2,1.0,176,91.7,0,0.0,0,0.0,5,2.6,5,2.6,2,1.0,2,1.0,0,0.0
Network 12,610312,MCDOWELL,183,1,0.5,174,95.1,0,0.0,0,0.0,4,2.2,4,2.2,0,0.0,0,0.0,0,0.0
Network 10,610067,MCKAY,836,6,0.7,692,82.8,0,0.0,2,0.2,134,16.0,1,0.1,0,0.0,0,0.0,1,0.1
AUSL,610282,MCNAIR,421,1,0.2,379,90.0,0,0.0,1,0.2,38,9.0,2,0.5,0,0.0,0,0.0,0,0.0
Network 2,610070,MCPHERSON,802,80,10.0,46,5.7,0,0.0,0,0.0,607,75.7,14,1.8,55,6.9,0,0.0,0,0.0
Network 5,610293,MELODY,587,0,0.0,579,98.6,0,0.0,0,0.0,7,1.2,0,0.0,0,0.0,1,0.2,0,0.0
Network 13,609902,METCALFE,460,0,0.0,457,99.3,0,0.0,0,0.0,2,0.4,0,0.0,0,0.0,1,0.2,0,0.0
Network 12,610171,MIRELES,665,13,2.0,352,52.9,0,0.0,1,0.2,290,43.6,4,0.6,2,0.3,3,0.5,0,0.0
Network 5,610073,MITCHELL,375,105,28.0,36,9.6,0,0.0,3,0.8,212,56.5,12,3.2,6,1.6,1,0.3,0,0.0
Network 9,610276,MOLLISON,416,0,0.0,415,99.8,0,0.0,0,0.0,1,0.2,0,0.0,0,0.0,0,0.0,0,0.0
Network 4,610074,MONROE,968,20,2.1,17,1.8,0,0.0,1,0.1,923,95.4,3,0.3,3,0.3,0,0.0,1,0.1
Charter,400116,MONTESSORI ENGLEWOOD,279,1,0.4,271,97.1,0,0.0,0,0.0,7,2.5,0,0.0,0,0.0,0,0.0,0,0.0
ISP,610076,MOOS,566,23,4.1,76,13.4,0,0.0,1,0.2,451,79.7,8,1.4,6,1.1,1,0.2,0,0.0
Network 10,609725,MORGAN PARK HS,"1,431",12,0.8,"1,385",96.8,0,0.0,1,0.1,20,1.4,12,0.8,0,0.0,1,0.1,0,0.0
Network 10,610077,MORRILL,839,4,0.5,335,39.9,0,0.0,0,0.0,497,59.2,2,0.2,0,0.0,0,0.0,1,0.1
AUSL,610257,MORTON,340,2,0.6,320,94.1,0,0.0,0,0.0,17,5.0,1,0.3,0,0.0,0,0.0,0,0.0
Network 10,610082,MOUNT GREENWOOD,"1,055",886,84.0,10,0.9,0,0.0,3,0.3,134,12.7,8,0.8,8,0.8,6,0.6,0,0.0
Network 13,610086,MOUNT VERNON,244,0,0.0,243,99.6,0,0.0,0,0.0,0,0.0,0,0.0,0,0.0,0,0.0,1,0.4
Charter,400178,MOVING EVEREST,175,0,0.0,163,93.1,0,0.0,0,0.0,5,2.9,2,1.1,0,0.0,0,0.0,5,2.9
Network 4,610088,MOZART,781,18,2.3,29,3.7,0,0.0,0,0.0,692,88.6,1,0.1,0,0.0,1,0.1,40,5.1
Network 7,610385,MULTICULTURAL HS,272,3,1.1,37,13.6,0,0.0,2,0.7,230,84.6,0,0.0,0,0.0,0,0.0,0,0.0
Network 1,610089,MURPHY,583,83,14.2,17,2.9,0,0.0,0,0.0,449,77.0,17,2.9,11,1.9,2,0.3,4,0.7
Network 9,610090,MURRAY,529,14,2.6,454,85.8,0,0.0,0,0.0,30,5.7,19,3.6,12,2.3,0,0.0,0,0.0
Charter,400050,NAMASTE,488,37,7.6,18,3.7,0,0.0,2,0.4,420,86.1,5,1.0,5,1.0,1,0.2,0,0.0
Network 3,610092,NASH,341,2,0.6,308,90.3,0,0.0,0,0.0,17,5.0,5,1.5,0,0.0,0,0.0,9,2.6
AUSL,610231,NATIONAL TEACHERS,649,29,4.5,552,85.1,0,0.0,0,0.0,37,5.7,14,2.2,15,2.3,0,0.0,2,0.3
Network 12,610093,NEIL,313,1,0.3,304,97.1,0,0.0,0,0.0,8,2.6,0,0.0,0,0.0,0,0.0,0,0.0
Network 4,610094,NETTELHORST,833,481,57.7,76,9.1,0,0.0,2,0.2,138,16.6,43,5.2,75,9.0,10,1.2,8,1.0
Network 2,610284,NEW FIELD,587,48,8.2,154,26.2,0,0.0,4,0.7,301,51.3,12,2.0,66,11.2,0,0.0,2,0.3
Network 12,610193,NEW SULLIVAN,494,5,1.0,380,76.9,0,0.0,0,0.0,104,21.1,4,0.8,0,0.0,1,0.2,0,0.0
Network 4,610095,NEWBERRY,565,109,19.3,239,42.3,0,0.0,0,0.0,161,28.5,21,3.7,33,5.8,1,0.2,1,0.2
Network 11,609793,NICHOLSON,567,0,0.0,548,96.6,0,0.0,1,0.2,13,2.3,2,0.4,3,0.5,0,0.0,0,0.0
Network 8,610096,NIGHTINGALE,"1,323",9,0.7,9,0.7,0,0.0,1,0.1,"1,299",98.2,2,0.2,0,0.0,0,0.0,3,0.2
Network 12,609961,NINOS HEROES,395,2,0.5,321,81.3,0,0.0,1,0.3,71,18.0,0,0.0,0,0.0,0,0.0,0,0.0
Network 4,610097,NIXON,962,9,0.9,9,0.9,0,0.0,2,0.2,934,97.1,2,0.2,2,0.2,1,0.1,3,0.3
Charter,400045,NKRUMAH,311,1,0.3,300,96.5,0,0.0,0,0.0,5,1.6,0,0.0,0,0.0,0,0.0,5,1.6
Network 5,610098,NOBEL,858,5,0.6,112,13.1,0,0.0,1,0.1,735,85.7,2,0.2,0,0.0,0,0.0,3,0.4
Charter,400170,NOBLE - ACADEMY HS,245,9,3.7,97,39.6,0,0.0,1,0.4,118,48.2,4,1.6,9,3.7,0,0.0,7,2.9
Charter,400157,NOBLE - BAKER HS,413,2,0.5,342,82.8,0,0.0,3,0.7,56,13.6,5,1.2,1,0.2,1,0.2,3,0.7
Charter,400097,NOBLE - BULLS HS,"1,130",5,0.4,360,31.9,0,0.0,2,0.2,749,66.3,4,0.4,3,0.3,1,0.1,6,0.5
Charter,400156,NOBLE - BUTLER HS,450,0,0.0,443,98.4,0,0.0,0,0.0,5,1.1,1,0.2,0,0.0,0,0.0,1,0.2
Charter,400052,NOBLE - COMER,"1,067",0,0.0,"1,024",96.0,0,0.0,0,0.0,38,3.6,3,0.3,0,0.0,0,0.0,2,0.2
Charter,400118,NOBLE - DRW HS,618,3,0.5,558,90.3,0,0.0,0,0.0,49,7.9,1,0.2,1,0.2,0,0.0,6,1.0
Charter,400053,NOBLE - GOLDER HS,664,17,2.6,77,11.6,1,0.2,2,0.3,561,84.5,4,0.6,1,0.2,0,0.0,1,0.2
Charter,400117,NOBLE - HANSBERRY HS,769,0,0.0,739,96.1,0,0.0,0,0.0,14,1.8,4,0.5,0,0.0,0,0.0,12,1.6
Charter,400169,NOBLE - ITW SPEER HS,683,9,1.3,99,14.5,0,0.0,2,0.3,545,79.8,3,0.4,2,0.3,1,0.1,22,3.2
Charter,400106,NOBLE - JOHNSON HS,860,1,0.1,828,96.3,0,0.0,0,0.0,20,2.3,4,0.5,5,0.6,1,0.1,1,0.1
Charter,400098,NOBLE - MUCHIN HS,885,9,1.0,242,27.3,2,0.2,4,0.5,562,63.5,1,0.1,46,5.2,0,0.0,19,2.1
Charter,400051,NOBLE - NOBLE HS,626,10,1.6,58,9.3,0,0.0,1,0.2,548,87.5,4,0.6,3,0.5,0,0.0,2,0.3
Charter,400054,NOBLE - PRITZKER HS,941,7,0.7,24,2.6,0,0.0,5,0.5,899,95.5,2,0.2,4,0.4,0,0.0,0,0.0
Charter,400055,NOBLE - RAUNER HS,617,13,2.1,60,9.7,0,0.0,7,1.1,523,84.8,6,1.0,1,0.2,0,0.0,7,1.1
Charter,400056,NOBLE - ROWE CLARK HS,558,0,0.0,401,71.9,0,0.0,0,0.0,137,24.6,3,0.5,1,0.2,0,0.0,16,2.9
Charter,400057,NOBLE - UIC HS,903,18,2.0,232,25.7,0,0.0,3,0.3,600,66.4,5,0.6,31,3.4,1,0.1,13,1.4
Charter,400058,NORTH LAWNDALE - CHRISTIANA HS,397,0,0.0,393,99.0,0,0.0,0,0.0,2,0.5,2,0.5,0,0.0,0,0.0,0,0.0
Charter,400059,NORTH LAWNDALE - COLLINS HS,409,0,0.0,407,99.5,0,0.0,0,0.0,2,0.5,0,0.0,0,0.0,0,0.0,0,0.0
Network 1,610354,NORTH RIVER,338,10,3.0,6,1.8,0,0.0,1,0.3,295,87.3,3,0.9,4,1.2,5,1.5,14,4.1
Network 5,609691,NORTH-GRAND HS,978,5,0.5,121,12.4,0,0.0,4,0.4,843,86.2,3,0.3,2,0.2,0,0.0,0,0.0
Network 1,609744,NORTHSIDE LEARNING HS,243,48,19.8,65,26.7,0,0.0,0,0.0,118,48.6,2,0.8,10,4.1,0,0.0,0,0.0
Network 1,609749,NORTHSIDE PREP HS,"1,056",331,31.3,91,8.6,3,0.3,3,0.3,299,28.3,54,5.1,200,18.9,0,0.0,75,7.1
Network 3,610051,NORTHWEST,572,14,2.4,27,4.7,0,0.0,1,0.2,529,92.5,1,0.2,0,0.0,0,0.0,0,0.0
Network 1,610099,NORWOOD PARK,401,240,59.9,4,1.0,0,0.0,3,0.7,122,30.4,14,3.5,18,4.5,0,0.0,0,0.0
Network 6,610101,OGDEN ES,865,403,46.6,119,13.8,0,0.0,1,0.1,128,14.8,66,7.6,141,16.3,2,0.2,5,0.6
Network 6,610529,OGDEN HS,717,194,27.1,239,33.3,0,0.0,3,0.4,212,29.6,24,3.4,43,6.0,1,0.1,1,0.1
Network 11,610102,OGLESBY,498,0,0.0,494,99.2,0,0.0,0,0.0,3,0.6,1,0.2,0,0.0,0,0.0,0,0.0
AUSL,610103,OKEEFFE,713,2,0.3,695,97.5,0,0.0,1,0.1,10,1.4,5,0.7,0,0.0,0,0.0,0,0.0
Options,610569,OMBUDSMAN - NORTHWEST HS,248,76,30.6,28,11.3,0,0.0,2,0.8,129,52.0,1,0.4,11,4.4,1,0.4,0,0.0
Options,610570,OMBUDSMAN - SOUTH HS,491,4,0.8,269,54.8,0,0.0,3,0.6,211,43.0,3,0.6,1,0.2,0,0.0,0,0.0
Options,610571,OMBUDSMAN - WEST HS,488,2,0.4,395,80.9,0,0.0,0,0.0,88,18.0,1,0.2,2,0.4,0,0.0,0,0.0
Network 1,610104,ONAHAN,640,420,65.6,5,0.8,0,0.0,5,0.8,176,27.5,13,2.0,19,3.0,1,0.2,1,0.2
Network 1,610105,ORIOLE PARK,709,469,66.1,12,1.7,0,0.0,0,0.0,151,21.3,10,1.4,64,9.0,2,0.3,1,0.1
Network 7,610329,OROZCO,576,4,0.7,6,1.0,0,0.0,1,0.2,565,98.1,0,0.0,0,0.0,0,0.0,0,0.0
AUSL,610389,ORR HS,405,1,0.2,347,85.7,0,0.0,0,0.0,56,13.8,1,0.3,0,0.0,0,0.0,0,0.0
Network 7,609950,ORTIZ DE DOMINGUEZ,664,2,0.3,1,0.2,0,0.0,0,0.0,659,99.2,0,0.0,1,0.2,0,0.0,1,0.2
Network 6,610107,OTIS,551,15,2.7,125,22.7,0,0.0,3,0.5,397,72.1,8,1.5,2,0.4,0,0.0,1,0.2
Network 11,610108,OTOOLE,416,0,0.0,396,95.2,0,0.0,0,0.0,18,4.3,1,0.2,1,0.2,0,0.0,0,0.0
Network 10,610109,OWEN,260,2,0.8,236,90.8,0,0.0,0,0.0,19,7.3,3,1.2,0,0.0,0,0.0,0,0.0
Network 13,609943,OWENS,493,0,0.0,484,98.2,0,0.0,0,0.0,5,1.0,2,0.4,0,0.0,2,0.4,0,0.0
Network 1,610111,PALMER,891,275,30.9,18,2.0,0,0.0,3,0.3,417,46.8,14,1.6,122,13.7,39,4.4,3,0.3
Network 12,610115,PARK MANOR,394,0,0.0,389,98.7,0,0.0,1,0.3,3,0.8,0,0.0,1,0.3,0,0.0,0,0.0
Network 11,610112,PARKER,699,1,0.1,683,97.7,0,0.0,0,0.0,15,2.1,0,0.0,0,0.0,0,0.0,0,0.0
Network 12,610116,PARKSIDE,275,0,0.0,270,98.2,0,0.0,0,0.0,3,1.1,2,0.7,0,0.0,0,0.0,0,0.0
Network 8,610117,PASTEUR,"1,230",50,4.1,10,0.8,0,0.0,7,0.6,"1,145",93.1,4,0.3,8,0.7,1,0.1,5,0.4
Options,610557,PATHWAYS - ASHBURN HS,226,23,10.2,73,32.3,0,0.0,0,0.0,127,56.2,1,0.4,0,0.0,0,0.0,2,0.9
Options,610568,PATHWAYS - AVONDALE HS,215,19,8.8,25,11.6,0,0.0,1,0.5,162,75.3,2,0.9,6,2.8,0,0.0,0,0.0
Options,400173,PATHWAYS - BRIGHTON PARK HS,284,12,4.2,17,6.0,0,0.0,1,0.4,252,88.7,0,0.0,2,0.7,0,0.0,0,0.0
ISP,609680,PAYTON HS,887,388,43.7,124,14.0,0,0.0,5,0.6,192,21.6,43,4.9,134,15.1,1,0.1,0,0.0
Options,610386,PEACE AND EDUCATION HS,130,1,0.8,40,30.8,0,0.0,0,0.0,89,68.5,0,0.0,0,0.0,0,0.0,0,0.0
ISP,610120,PECK,"1,646",25,1.5,8,0.5,0,0.0,7,0.4,"1,583",96.2,4,0.2,7,0.4,0,0.0,12,0.7
Network 2,610122,PEIRCE,"1,042",249,23.9,101,9.7,0,0.0,8,0.8,558,53.6,44,4.2,80,7.7,2,0.2,0,0.0
Network 5,610123,PENN,379,1,0.3,342,90.2,0,0.0,0,0.0,34,9.0,0,0.0,0,0.0,0,0.0,2,0.5
ISP,609872,PEREZ,332,3,0.9,8,2.4,0,0.0,0,0.0,319,96.1,0,0.0,2,0.6,0,0.0,0,0.0
Network 9,610126,PERSHING,549,6,1.1,513,93.4,0,0.0,0,0.0,15,2.7,5,0.9,9,1.6,1,0.2,0,0.0
Charter,400064,PERSPECTIVES - JOSLIN HS,394,6,1.5,313,79.4,0,0.0,0,0.0,62,15.7,6,1.5,5,1.3,0,0.0,2,0.5
Charter,400061,PERSPECTIVES - LEADERSHIP HS,546,0,0.0,534,97.8,0,0.0,1,0.2,5,0.9,5,0.9,0,0.0,0,0.0,1,0.2
Charter,400066,PERSPECTIVES - MATH & SCI HS,534,3,0.6,512,95.9,0,0.0,0,0.0,14,2.6,2,0.4,3,0.6,0,0.0,0,0.0
Charter,400062,PERSPECTIVES - TECH HS,420,0,0.0,413,98.3,0,0.0,0,0.0,3,0.7,3,0.7,0,0.0,0,0.0,1,0.2
Network 1,610127,PETERSON,927,249,26.9,48,5.2,0,0.0,3,0.3,339,36.6,28,3.0,257,27.7,2,0.2,1,0.1
AUSL,609727,PHILLIPS HS,643,2,0.3,627,97.5,0,0.0,0,0.0,7,1.1,4,0.6,2,0.3,1,0.2,0,0.0
Service Leadership Academies,610304,PHOENIX MILITARY HS,520,1,0.2,125,24.0,0,0.0,1,0.2,389,74.8,2,0.4,2,0.4,0,0.0,0,0.0
AUSL,610106,PICCOLO,589,6,1.0,345,58.6,0,0.0,1,0.2,227,38.5,8,1.4,0,0.0,2,0.3,0,0.0
Network 7,610129,PICKARD,515,11,2.1,12,2.3,0,0.0,0,0.0,491,95.3,1,0.2,0,0.0,0,0.0,0,0.0
Network 7,610013,PILSEN,393,4,1.0,43,10.9,0,0.0,1,0.3,338,86.0,2,0.5,5,1.3,0,0.0,0,0.0
Network 12,610130,PIRIE,336,0,0.0,333,99.1,0,0.0,0,0.0,2,0.6,1,0.3,0,0.0,0,0.0,0,0.0
Network 5,610131,PLAMONDON,154,1,0.6,55,35.7,0,0.0,0,0.0,96,62.3,1,0.7,0,0.0,0,0.0,1,0.6
Contract,400068,PLATO,497,0,0.0,490,98.6,0,0.0,0,0.0,6,1.2,0,0.0,1,0.2,0,0.0,0,0.0
Network 13,610132,POE,206,5,2.4,183,88.8,0,0.0,0,0.0,13,6.3,3,1.5,2,1.0,0,0.0,0,0.0
Charter,400069,POLARIS,440,1,0.2,389,88.4,0,0.0,0,0.0,47,10.7,3,0.7,0,0.0,0,0.0,0,0.0
Network 1,610135,PORTAGE PARK,"1,002",275,27.4,25,2.5,0,0.0,8,0.8,644,64.3,13,1.3,17,1.7,10,1.0,10,1.0
Network 12,610281,POWELL,558,0,0.0,549,98.4,0,0.0,0,0.0,8,1.4,0,0.0,1,0.2,0,0.0,0,0.0
Network 4,610136,PRESCOTT,368,126,34.2,56,15.2,0,0.0,1,0.3,141,38.3,17,4.6,16,4.3,1,0.3,10,2.7
ISP,610533,PRIETO,"1,051",7,0.7,32,3.0,0,0.0,2,0.2,"1,006",95.7,1,0.1,1,0.1,1,0.1,1,0.1
Network 6,610229,PRITZKER,743,175,23.6,247,33.2,0,0.0,0,0.0,246,33.1,36,4.9,28,3.8,7,0.9,4,0.5
Options,400070,PROLOGUE - EARLY COLLEGE HS,170,1,0.6,143,84.1,0,0.0,0,0.0,25,14.7,1,0.6,0,0.0,0,0.0,0,0.0
Options,400109,PROLOGUE - JOHNSTON HS,190,0,0.0,189,99.5,0,0.0,0,0.0,1,0.5,0,0.0,0,0.0,0,0.0,0,0.0
Options,610574,PROLOGUE - WINNIE MANDELA HS,91,2,2.2,80,87.9,0,0.0,0,0.0,9,9.9,0,0.0,0,0.0,0,0.0,0,0.0
Network 3,609679,PROSSER HS,"1,455",44,3.0,294,20.2,0,0.0,5,0.3,"1,096",75.3,10,0.7,6,0.4,0,0.0,0,0.0
Charter,400071,PROVIDENCE ENGLEWOOD,493,0,0.0,475,96.3,0,0.0,0,0.0,14,2.8,1,0.2,0,0.0,1,0.2,2,0.4
Network 1,610137,PRUSSING,698,336,48.1,14,2.0,0,0.0,1,0.1,280,40.1,5,0.7,50,7.2,6,0.9,6,0.9
Network 6,610138,PULASKI,931,144,15.5,13,1.4,0,0.0,2,0.2,736,79.1,18,1.9,16,1.7,1,0.1,1,0.1
Network 13,610139,PULLMAN,329,3,0.9,273,83.0,0,0.0,1,0.3,48,14.6,4,1.2,0,0.0,0,0.0,0,0.0
OS4,610334,RABY HS,479,0,0.0,456,95.2,0,0.0,0,0.0,21,4.4,0,0.0,1,0.2,1,0.2,0,0.0
Network 11,609941,RANDOLPH,510,1,0.2,470,92.2,0,0.0,0,0.0,39,7.6,0,0.0,0,0.0,0,0.0,0,0.0
Network 2,610141,RAVENSWOOD,563,228,40.5,63,11.2,0,0.0,0,0.0,220,39.1,32,5.7,15,2.7,4,0.7,1,0.2
Network 9,610142,RAY,733,137,18.7,443,60.4,0,0.0,0,0.0,55,7.5,36,4.9,60,8.2,1,0.1,1,0.1
Network 9,610143,REAVIS,277,0,0.0,266,96.0,0,0.0,0,0.0,4,1.4,4,1.4,1,0.4,2,0.7,0,0.0
Network 4,610144,REILLY,"1,039",35,3.4,9,0.9,0,0.0,4,0.4,975,93.8,3,0.3,8,0.8,4,0.4,1,0.1
Network 1,610145,REINBERG,848,183,21.6,17,2.0,0,0.0,0,0.0,600,70.8,12,1.4,33,3.9,0,0.0,3,0.4
Network 12,610146,REVERE,261,0,0.0,256,98.1,0,0.0,0,0.0,3,1.1,1,0.4,0,0.0,0,0.0,1,0.4
Network 8,609682,RICHARDS HS,276,1,0.4,110,39.9,0,0.0,0,0.0,158,57.2,1,0.4,0,0.0,0,0.0,6,2.2
Service Leadership Academies,610390,RICKOVER MILITARY HS,577,54,9.4,64,11.1,0,0.0,3,0.5,423,73.3,8,1.4,25,4.3,0,0.0,0,0.0
Network 11,609707,ROBESON HS,204,0,0.0,203,99.5,0,0.0,0,0.0,0,0.0,1,0.5,0,0.0,0,0.0,0,0.0
Network 9,610256,ROBINSON,139,0,0.0,133,95.7,0,0.0,0,0.0,6,4.3,0,0.0,0,0.0,0,0.0,0,0.0
Network 2,610147,ROGERS,765,120,15.7,116,15.2,0,0.0,5,0.7,313,40.9,19,2.5,187,24.4,0,0.0,5,0.7
Network 1,609728,ROOSEVELT HS,"1,182",59,5.0,150,12.7,0,0.0,5,0.4,868,73.4,7,0.6,87,7.4,3,0.3,3,0.3
Charter,400096,ROWE,816,15,1.8,116,14.2,0,0.0,1,0.1,643,78.8,4,0.5,2,0.2,0,0.0,35,4.3
Network 6,610308,RUDOLPH,101,7,6.9,42,41.6,0,0.0,0,0.0,46,45.5,2,2.0,3,3.0,1,1.0,0,0.0
Network 12,610152,RUGGLES,412,0,0.0,403,97.8,0,0.0,0,0.0,6,1.5,3,0.7,0,0.0,0,0.0,0,0.0
Network 7,610125,RUIZ,781,16,2.0,3,0.4,0,0.0,4,0.5,756,96.8,1,0.1,1,0.1,0,0.0,0,0.0
Network 11,610153,RYDER,402,0,0.0,398,99.0,0,0.0,0,0.0,3,0.7,0,0.0,0,0.0,0,0.0,1,0.2
Network 5,610342,SABIN,598,11,1.8,101,16.9,0,0.0,6,1.0,469,78.4,4,0.7,7,1.2,0,0.0,0,0.0
Network 6,610250,SALAZAR,364,5,1.4,97,26.6,0,0.0,2,0.5,249,68.4,1,0.3,10,2.7,0,0.0,0,0.0
Network 8,610226,SANDOVAL,"1,067",14,1.3,10,0.9,0,0.0,4,0.4,"1,034",96.9,0,0.0,3,0.3,0,0.0,2,0.2
Network 7,610017,SAUCEDO,"1,198",3,0.3,34,2.8,0,0.0,5,0.4,"1,150",96.0,5,0.4,0,0.0,0,0.0,1,0.1
Network 1,610155,SAUGANASH,589,288,48.9,12,2.0,0,0.0,0,0.0,147,25.0,15,2.6,125,21.2,2,0.3,0,0.0
Network 8,610157,SAWYER,"1,751",22,1.3,10,0.6,0,0.0,4,0.2,"1,713",97.8,1,0.1,0,0.0,0,0.0,1,0.1
Network 3,610158,SAYRE,482,45,9.3,194,40.2,0,0.0,3,0.6,206,42.7,25,5.2,6,1.2,0,0.0,3,0.6
Network 1,610159,SCAMMON,928,66,7.1,15,1.6,0,0.0,7,0.8,800,86.2,6,0.7,13,1.4,7,0.8,14,1.5
Network 12,610178,SCHMID,226,0,0.0,218,96.5,0,0.0,1,0.4,6,2.7,1,0.4,0,0.0,0,0.0,0,0.0
Network 3,610165,SCHUBERT,928,24,2.6,13,1.4,0,0.0,0,0.0,879,94.7,2,0.2,9,1.0,0,0.0,1,0.1
Network 1,609729,SCHURZ HS,"2,002",114,5.7,191,9.5,0,0.0,10,0.5,"1,624",81.1,20,1.0,28,1.4,2,0.1,13,0.6
Network 2,609730,SENN HS,"1,365",135,9.9,380,27.8,1,0.1,5,0.4,584,42.8,38,2.8,203,14.9,18,1.3,1,0.1
Network 8,610167,SEWARD,796,10,1.3,4,0.5,0,0.0,0,0.0,780,98.0,0,0.0,0,0.0,0,0.0,2,0.3
Charter,400073,SHABAZZ - DUSABLE HS,51,0,0.0,51,100.0,0,0.0,0,0.0,0,0.0,0,0.0,0,0.0,0,0.0,0,0.0
Charter,400072,SHABAZZ - SHABAZZ,315,0,0.0,301,95.6,0,0.0,0,0.0,7,2.2,3,1.0,0,0.0,0,0.0,4,1.3
Charter,400074,SHABAZZ - SIZEMORE,269,0,0.0,263,97.8,0,0.0,0,0.0,5,1.9,0,0.0,0,0.0,0,0.0,1,0.4
Network 6,610081,SHERIDAN,559,132,23.6,107,19.1,0,0.0,0,0.0,119,21.3,15,2.7,184,32.9,2,0.4,0,0.0
AUSL,610172,SHERMAN,321,1,0.3,299,93.1,0,0.0,0,0.0,20,6.2,1,0.3,0,0.0,0,0.0,0,0.0
Network 11,610173,SHERWOOD,356,0,0.0,338,94.9,0,0.0,1,0.3,14,3.9,0,0.0,0,0.0,1,0.3,2,0.6
Network 8,610174,SHIELDS,"1,004",19,1.9,7,0.7,0,0.0,0,0.0,975,97.1,2,0.2,0,0.0,0,0.0,1,0.1
Network 8,610559,SHIELDS MIDDLE,690,9,1.3,3,0.4,0,0.0,6,0.9,670,97.1,0,0.0,1,0.1,1,0.1,0,0.0
Network 9,610175,SHOESMITH,348,3,0.9,327,94.0,0,0.0,1,0.3,12,3.4,1,0.3,4,1.1,0,0.0,0,0.0
Network 13,610176,SHOOP,481,4,0.8,464,96.5,0,0.0,0,0.0,12,2.5,1,0.2,0,0.0,0,0.0,0,0.0
Network 11,609692,SIMEON HS,"1,363",2,0.1,"1,332",97.7,0,0.0,1,0.1,8,0.6,14,1.0,0,0.0,1,0.1,5,0.4
Options,609750,SIMPSON HS,74,3,4.1,55,74.3,0,0.0,0,0.0,16,21.6,0,0.0,0,0.0,0,0.0,0,0.0
ISP,610177,SKINNER,"1,042",270,25.9,366,35.1,0,0.0,4,0.4,114,10.9,30,2.9,230,22.1,2,0.2,26,2.5
Network 4,610534,SKINNER NORTH,478,184,38.5,69,14.4,0,0.0,1,0.2,51,10.7,27,5.7,141,29.5,5,1.0,0,0.0
Network 13,609978,SMITH,362,1,0.3,358,98.9,0,0.0,0,0.0,1,0.3,2,0.6,0,0.0,0,0.0,0,0.0
Network 1,610179,SMYSER,"1,007",342,34.0,16,1.6,0,0.0,5,0.5,596,59.2,7,0.7,31,3.1,4,0.4,6,0.6
Network 6,610180,SMYTH,474,4,0.8,444,93.7,0,0.0,0,0.0,23,4.9,3,0.6,0,0.0,0,0.0,0,0.0
Network 7,610383,SOCIAL JUSTICE HS,309,0,0.0,34,11.0,0,0.0,1,0.3,273,88.3,1,0.3,0,0.0,0,0.0,0,0.0
Network 1,610182,SOLOMON,355,148,41.7,15,4.2,0,0.0,0,0.0,52,14.6,10,2.8,130,36.6,0,0.0,0,0.0
AUSL,610543,SOLORIO HS,"1,111",9,0.8,55,5.0,0,0.0,8,0.7,"1,038",93.4,1,0.1,0,0.0,0,0.0,0,0.0
ISP,609990,SOUTH LOOP,868,249,28.7,363,41.8,0,0.0,2,0.2,81,9.3,33,3.8,110,12.7,17,2.0,13,1.5
Network 12,610530,SOUTH SHORE ES,491,0,0.0,479,97.6,0,0.0,0,0.0,6,1.2,4,0.8,1,0.2,0,0.0,1,0.2
Network 12,610547,SOUTH SHORE INTL HS,582,2,0.3,550,94.5,0,0.0,0,0.0,19,3.3,6,1.0,1,0.2,1,0.2,3,0.5
Network 11,609745,SOUTHSIDE HS,222,12,5.4,163,73.4,0,0.0,0,0.0,46,20.7,0,0.0,1,0.5,0,0.0,0,0.0
Network 3,610183,SPENCER,779,2,0.3,766,98.3,0,0.0,0,0.0,9,1.2,2,0.3,0,0.0,0,0.0,0,0.0
Network 7,610184,SPRY ES,620,3,0.5,2,0.3,0,0.0,1,0.2,613,98.9,0,0.0,0,0.0,0,0.0,1,0.2
Network 7,610357,SPRY HS,173,1,0.6,1,0.6,0,0.0,1,0.6,170,98.3,0,0.0,0,0.0,0,0.0,0,0.0
AUSL,610339,STAGG,507,0,0.0,495,97.6,0,0.0,0,0.0,9,1.8,1,0.2,2,0.4,0,0.0,0,0.0
Network 3,609732,STEINMETZ HS,"1,545",137,8.9,220,14.2,0,0.0,12,0.8,"1,129",73.1,12,0.8,33,2.1,1,0.1,1,0.1
Network 6,610548,STEM,450,76,16.9,159,35.3,0,0.0,0,0.0,119,26.4,8,1.8,86,19.1,2,0.4,0,0.0
Network 10,610185,STEVENSON,"1,308",51,3.9,72,5.5,0,0.0,3,0.2,"1,169",89.4,4,0.3,3,0.2,1,0.1,5,0.4
Network 1,610163,STOCK,234,167,71.4,2,0.9,0,0.0,0,0.0,44,18.8,11,4.7,9,3.8,0,0.0,1,0.4
Network 2,610191,STONE,625,214,34.2,119,19.0,0,0.0,3,0.5,116,18.6,20,3.2,145,23.2,2,0.3,6,1.0
Network 5,610192,STOWE,743,9,1.2,49,6.6,0,0.0,5,0.7,678,91.3,1,0.1,0,0.0,0,0.0,1,0.1
Network 6,610405,SUDER,418,64,15.3,255,61.0,0,0.0,1,0.2,53,12.7,13,3.1,26,6.2,2,0.5,4,1.0
Network 2,609733,SULLIVAN HS,563,22,3.9,225,40.0,0,0.0,3,0.5,227,40.3,11,2.0,74,13.1,1,0.2,0,0.0
Network 5,610194,SUMNER,280,0,0.0,276,98.6,0,0.0,0,0.0,2,0.7,0,0.0,0,0.0,0,0.0,2,0.7
Network 10,610195,SUTHERLAND,697,233,33.4,405,58.1,0,0.0,0,0.0,42,6.0,13,1.9,4,0.6,0,0.0,0,0.0
Network 2,610196,SWIFT,713,118,16.5,194,27.2,0,0.0,7,1.0,220,30.9,28,3.9,140,19.6,2,0.3,4,0.6
Network 1,609734,TAFT HS,"3,212","1,554",48.4,73,2.3,0,0.0,6,0.2,"1,262",39.3,65,2.0,239,7.4,7,0.2,6,0.2
Network 6,610197,TALCOTT,540,48,8.9,34,6.3,0,0.0,1,0.2,440,81.5,13,2.4,4,0.7,0,0.0,0,0.0
Network 8,610249,TALMAN,444,1,0.2,5,1.1,0,0.0,0,0.0,388,87.4,0,0.0,0,0.0,0,0.0,50,11.3
Network 12,610279,TANNER,384,0,0.0,379,98.7,0,0.0,1,0.3,3,0.8,1,0.3,0,0.0,0,0.0,0,0.0
AUSL,610396,TARKINGTON,"1,012",2,0.2,216,21.3,0,0.0,4,0.4,784,77.5,3,0.3,1,0.1,0,0.0,2,0.2
Network 13,610198,TAYLOR,493,10,2.0,40,8.1,0,0.0,3,0.6,438,88.8,1,0.2,1,0.2,0,0.0,0,0.0
Network 11,610506,TEAM HS,272,0,0.0,267,98.2,0,0.0,0,0.0,4,1.5,0,0.0,0,0.0,0,0.0,1,0.4
Network 7,609921,TELPOCHCALLI,298,0,0.0,4,1.3,0,0.0,0,0.0,292,98.0,2,0.7,0,0.0,0,0.0,0,0.0
Network 8,610504,THOMAS,183,16,8.7,1,0.5,0,0.0,0,0.0,157,85.8,3,1.6,6,3.3,0,0.0,0,0.0
Network 12,610200,THORP J,353,3,0.8,278,78.8,0,0.0,0,0.0,72,20.4,0,0.0,0,0.0,0,0.0,0,0.0
Network 1,610201,THORP O,841,258,30.7,87,10.3,0,0.0,9,1.1,405,48.2,26,3.1,44,5.2,5,0.6,7,0.8
Network 8,609735,TILDEN HS,311,37,11.9,178,57.2,0,0.0,0,0.0,81,26.0,9,2.9,5,1.6,0,0.0,1,0.3
Network 9,610065,TILL,367,0,0.0,364,99.2,0,0.0,2,0.5,1,0.3,0,0.0,0,0.0,0,0.0,0,0.0
Network 5,610202,TILTON,349,0,0.0,338,96.8,0,0.0,0,0.0,10,2.9,0,0.0,0,0.0,0,0.0,1,0.3
Network 8,610203,TONTI,"1,116",13,1.2,18,1.6,0,0.0,1,0.1,"1,040",93.2,3,0.3,3,0.3,0,0.0,38,3.4
Network 11,609895,TURNER-DREW,275,0,0.0,270,98.2,0,0.0,0,0.0,5,1.8,0,0.0,0,0.0,0,0.0,0,0.0
Network 10,610206,TWAIN,"1,184",202,17.1,14,1.2,0,0.0,2,0.2,959,81.0,3,0.3,3,0.3,1,0.1,0,0.0
Charter,400075,U OF C - DONOGHUE,565,0,0.0,547,96.8,0,0.0,0,0.0,5,0.9,4,0.7,0,0.0,0,0.0,9,1.6
Charter,400076,U OF C - NKO,355,12,3.4,333,93.8,0,0.0,0,0.0,4,1.1,4,1.1,0,0.0,0,0.0,2,0.6
Charter,400077,U OF C - WOODLAWN HS,641,1,0.2,629,98.1,0,0.0,0,0.0,6,0.9,3,0.5,0,0.0,1,0.2,1,0.2
Charter,400078,U OF C - WOODSON,322,0,0.0,316,98.1,0,0.0,0,0.0,3,0.9,2,0.6,0,0.0,0,0.0,1,0.3
Charter,400153,UNO - BRIGHTON PARK,566,2,0.4,3,0.5,0,0.0,0,0.0,559,98.8,2,0.4,0,0.0,0,0.0,0,0.0
Charter,400101,UNO - CISNEROS,564,2,0.4,2,0.4,0,0.0,2,0.4,557,98.8,0,0.0,1,0.2,0,0.0,0,0.0
Charter,400120,UNO - CLEMENTE,574,4,0.7,30,5.2,0,0.0,2,0.3,537,93.6,0,0.0,0,0.0,0,0.0,1,0.2
Charter,400081,UNO - DE LAS CASAS,287,0,0.0,0,0.0,0,0.0,0,0.0,287,100.0,0,0.0,0,0.0,0,0.0,0,0.0
Charter,400082,UNO - FUENTES,568,6,1.1,1,0.2,0,0.0,0,0.0,559,98.4,1,0.2,1,0.2,0,0.0,0,0.0
Charter,400085,UNO - GARCIA HS,648,8,1.2,0,0.0,0,0.0,3,0.5,633,97.7,0,0.0,3,0.5,1,0.2,0,0.0
Charter,400089,UNO - MARQUEZ,575,0,0.0,3,0.5,0,0.0,2,0.3,570,99.1,0,0.0,0,0.0,0,0.0,0,0.0
Charter,400083,UNO - PAZ,414,1,0.2,18,4.3,0,0.0,4,1.0,389,94.0,1,0.2,0,0.0,0,0.0,1,0.2
Charter,400121,UNO - ROGERS PARK,764,13,1.7,132,17.3,0,0.0,7,0.9,574,75.1,5,0.7,15,2.0,0,0.0,18,2.4
Charter,400114,UNO - SANTIAGO,282,4,1.4,8,2.8,0,0.0,0,0.0,265,94.0,0,0.0,0,0.0,1,0.4,4,1.4
Charter,400112,UNO - SOCCER ELEM,576,2,0.3,0,0.0,0,0.0,1,0.2,573,99.5,0,0.0,0,0.0,0,0.0,0,0.0
Charter,400149,UNO - SOCCER HS,677,3,0.4,7,1.0,0,0.0,1,0.1,665,98.2,0,0.0,1,0.1,0,0.0,0,0.0
Charter,400084,UNO - TAMAYO,288,3,1.0,1,0.3,0,0.0,1,0.3,282,97.9,0,0.0,0,0.0,0,0.0,1,0.3
Charter,400080,UNO - TORRES,640,2,0.3,5,0.8,0,0.0,2,0.3,630,98.4,1,0.2,0,0.0,0,0.0,0,0.0
Charter,400079,UNO - ZIZUMBO,638,10,1.6,0,0.0,0,0.0,2,0.3,625,98.0,0,0.0,1,0.2,0,0.0,0,0.0
Network 2,610394,UPLIFT HS,311,6,1.9,259,83.3,0,0.0,0,0.0,35,11.3,4,1.3,7,2.3,0,0.0,0,0.0
Charter,400105,URBAN PREP - BRONZEVILLE HS,420,0,0.0,413,98.3,0,0.0,0,0.0,5,1.2,2,0.5,0,0.0,0,0.0,0,0.0
Charter,400086,URBAN PREP - ENGLEWOOD HS,443,0,0.0,439,99.1,0,0.0,0,0.0,1,0.2,3,0.7,0,0.0,0,0.0,0,0.0
Charter,400102,URBAN PREP - WEST HS,342,0,0.0,337,98.5,0,0.0,0,0.0,3,0.9,2,0.6,0,0.0,0,0.0,0,0.0
Network 10,610207,VANDERPOEL,292,1,0.3,274,93.8,0,0.0,0,0.0,6,2.1,0,0.0,0,0.0,0,0.0,11,3.8
Network 1,609766,VAUGHN HS,193,44,22.8,53,27.5,0,0.0,0,0.0,89,46.1,0,0.0,7,3.6,0,0.0,0,0.0
Network 10,609871,VICK,355,122,34.4,72,20.3,0,0.0,0,0.0,157,44.2,2,0.6,2,0.6,0,0.0,0,0.0
Network 3,610518,VOISE HS,195,0,0.0,180,92.3,0,0.0,1,0.5,13,6.7,1,0.5,0,0.0,0,0.0,0,0.0
Network 1,610209,VOLTA,949,62,6.5,22,2.3,0,0.0,3,0.3,635,66.9,2,0.2,225,23.7,0,0.0,0,0.0
Network 4,610039,VON LINNE,653,34,5.2,10,1.5,0,0.0,1,0.2,589,90.2,7,1.1,6,0.9,3,0.5,3,0.5
Network 1,609737,VON STEUBEN HS,"1,657",293,17.7,186,11.2,0,0.0,7,0.4,922,55.6,30,1.8,216,13.0,1,0.1,2,0.1
Network 11,610366,WACKER,274,0,0.0,274,100.0,0,0.0,0,0.0,0,0.0,0,0.0,0,0.0,0,0.0,0,0.0
Network 9,610213,WADSWORTH,549,1,0.2,544,99.1,0,0.0,0,0.0,3,0.5,1,0.2,0,0.0,0,0.0,0,0.0
Network 7,610216,WALSH,432,7,1.6,42,9.7,0,0.0,0,0.0,372,86.1,6,1.4,4,0.9,0,0.0,1,0.2
Network 6,610217,WARD J,552,31,5.6,104,18.8,0,0.0,0,0.0,59,10.7,8,1.5,349,63.2,1,0.2,0,0.0
Network 5,610133,WARD L,576,3,0.5,545,94.6,0,0.0,0,0.0,23,4.0,1,0.2,0,0.0,0,0.0,4,0.7
Network 12,610218,WARREN,285,0,0.0,280,98.2,0,0.0,0,0.0,4,1.4,1,0.4,0,0.0,0,0.0,0,0.0
Network 13,610219,WASHINGTON G ES,884,70,7.9,11,1.2,0,0.0,6,0.7,792,89.6,3,0.3,2,0.2,0,0.0,0,0.0
Network 12,610124,WASHINGTON H ES,415,0,0.0,411,99.0,0,0.0,0,0.0,4,1.0,0,0.0,0,0.0,0,0.0,0,0.0
Network 13,609739,WASHINGTON HS,"1,433",81,5.7,92,6.4,0,0.0,8,0.6,"1,246",87.0,5,0.4,1,0.1,0,0.0,0,0.0
Network 2,610220,WATERS,643,312,48.5,20,3.1,0,0.0,1,0.2,242,37.6,34,5.3,21,3.3,7,1.1,6,0.9
Network 5,610221,WEBSTER,322,0,0.0,317,98.4,0,0.0,0,0.0,1,0.3,1,0.3,0,0.0,0,0.0,3,0.9
Network 9,610110,WELLS ES,422,0,0.0,403,95.5,0,0.0,1,0.2,14,3.3,4,1.0,0,0.0,0,0.0,0,0.0
Network 6,609740,WELLS HS,461,15,3.3,243,52.7,0,0.0,0,0.0,200,43.4,3,0.7,0,0.0,0,0.0,0,0.0
Network 11,610223,WENTWORTH,560,1,0.2,551,98.4,0,0.0,0,0.0,7,1.3,1,0.2,0,0.0,0,0.0,0,0.0
Network 5,610100,WEST PARK,628,2,0.3,176,28.0,0,0.0,1,0.2,445,70.9,2,0.3,1,0.2,0,0.0,1,0.2
Network 2,610542,WEST RIDGE,772,272,35.2,43,5.6,0,0.0,3,0.4,170,22.0,9,1.2,268,34.7,5,0.6,2,0.3
Network 11,610300,WESTCOTT,390,0,0.0,374,95.9,0,0.0,1,0.3,12,3.1,2,0.5,0,0.0,0,0.0,1,0.3
Network 5,609693,WESTINGHOUSE HS,"1,176",27,2.3,623,53.0,0,0.0,2,0.2,443,37.7,10,0.9,68,5.8,1,0.1,2,0.2
Network 13,610225,WHISTLER,269,1,0.4,265,98.5,0,0.0,1,0.4,2,0.7,0,0.0,0,0.0,0,0.0,0,0.0
Network 13,610315,WHITE,189,0,0.0,185,97.9,0,0.0,0,0.0,3,1.6,0,0.0,0,0.0,0,0.0,1,0.5
Network 7,610227,WHITNEY,"1,095",11,1.0,0,0.0,0,0.0,1,0.1,"1,082",98.8,1,0.1,0,0.0,0,0.0,0,0.0
Network 7,610228,WHITTIER,290,1,0.3,2,0.7,0,0.0,0,0.0,287,99.0,0,0.0,0,0.0,0,0.0,0,0.0
Network 1,610230,WILDWOOD,475,278,58.5,18,3.8,0,0.0,0,0.0,97,20.4,21,4.4,51,10.7,5,1.1,5,1.1
Network 9,610380,WILLIAMS HS,265,1,0.4,257,97.0,0,0.0,0,0.0,3,1.1,3,1.1,1,0.4,0,0.0,0,0.0
Network 9,609977,WOODLAWN,211,0,0.0,209,99.1,0,0.0,1,0.5,1,0.5,0,0.0,0,0.0,0,0.0,0,0.0
Network 9,610345,WOODSON,386,2,0.5,373,96.6,0,0.0,0,0.0,11,2.8,0,0.0,0,0.0,0,0.0,0,0.0
Network 7,610392,WORLD LANGUAGE HS,329,1,0.3,28,8.5,0,0.0,0,0.0,300,91.2,0,0.0,0,0.0,0,0.0,0,0.0
Network 5,610234,YATES,555,11,2.0,82,14.8,0,0.0,1,0.2,449,80.9,0,0.0,0,0.0,5,0.9,7,1.3
Options,400134,YCCS - ADDAMS,210,9,4.3,90,42.9,0,0.0,1,0.5,106,50.5,1,0.5,1,0.5,1,0.5,1,0.5
Options,400125,YCCS - ASPIRA PANTOJA,195,5,2.6,5,2.6,0,0.0,1,0.5,183,93.8,0,0.0,0,0.0,0,0.0,1,0.5
Options,400126,YCCS - ASSOCIATION HOUSE,152,2,1.3,50,32.9,0,0.0,0,0.0,97,63.8,3,2.0,0,0.0,0,0.0,0,0.0
Options,400127,YCCS - AUSTIN CAREER,144,0,0.0,129,89.6,0,0.0,0,0.0,13,9.0,0,0.0,1,0.7,0,0.0,1,0.7
Options,400131,YCCS - CAMPOS,184,6,3.3,26,14.1,0,0.0,1,0.5,150,81.5,0,0.0,0,0.0,0,0.0,1,0.5
Options,400128,YCCS - CCA ACADEMY,200,0,0.0,195,97.5,0,0.0,0,0.0,3,1.5,1,0.5,0,0.0,0,0.0,1,0.5
Options,400150,YCCS - CHATHAM,201,1,0.5,195,97.0,0,0.0,0,0.0,4,2.0,0,0.0,0,0.0,0,0.0,1,0.5
Options,400129,YCCS - HOUSTON,151,0,0.0,150,99.3,0,0.0,0,0.0,1,0.7,0,0.0,0,0.0,0,0.0,0,0.0
Options,400133,YCCS - INNOVATIONS,400,5,1.3,348,87.0,0,0.0,1,0.3,38,9.5,5,1.3,2,0.5,0,0.0,1,0.3
Options,400135,YCCS - LATINO YOUTH,215,3,1.4,16,7.4,0,0.0,2,0.9,192,89.3,0,0.0,0,0.0,0,0.0,2,0.9
Options,400124,YCCS - MCKINLEY,187,0,0.0,184,98.4,0,0.0,0,0.0,3,1.6,0,0.0,0,0.0,0,0.0,0,0.0
Options,400136,YCCS - OLIVE HARVEY,158,0,0.0,140,88.6,0,0.0,1,0.6,13,8.2,2,1.3,0,0.0,0,0.0,2,1.3
Options,400123,YCCS - SCHOLASTIC ACHIEVEMENT,221,0,0.0,213,96.4,0,0.0,0,0.0,6,2.7,1,0.5,0,0.0,0,0.0,1,0.5
Options,400139,YCCS - SULLIVAN,333,0,0.0,317,95.2,0,0.0,0,0.0,16,4.8,0,0.0,0,0.0,0,0.0,0,0.0
Options,400141,YCCS - TRUMAN,210,13,6.2,70,33.3,2,1.0,2,1.0,111,52.9,1,0.5,7,3.3,2,1.0,2,1.0
Options,400143,YCCS - WEST TOWN,175,1,0.6,141,80.6,0,0.0,0,0.0,26,14.9,0,0.0,0,0.0,0,0.0,7,4.0
Options,400144,YCCS - WESTSIDE HOLISTIC,112,0,0.0,95,84.8,0,0.0,0,0.0,15,13.4,1,0.9,0,0.0,0,0.0,1,0.9
Options,400145,YCCS - YOUTH CONNECTION,260,4,1.5,247,95.0,0,0.0,0,0.0,8,3.1,1,0.4,0,0.0,0,0.0,0,0.0
Options,400130,YCCS - YOUTH DEVELOPMENT,161,0,0.0,161,100.0,0,0.0,0,0.0,0,0.0,0,0.0,0,0.0,0,0.0,0,0.0
Options,609748,YORK HS,290,8,2.8,224,77.2,0,0.0,0,0.0,57,19.7,0,0.0,0,0.0,0,0.0,1,0.3
Network 3,610235,YOUNG ES,958,2,0.2,835,87.2,0,0.0,3,0.3,109,11.4,1,0.1,2,0.2,4,0.4,2,0.2
ISP,609755,YOUNG HS,"2,157",622,28.8,502,23.3,0,0.0,5,0.2,617,28.6,75,3.5,330,15.3,6,0.3,0,0.0
Charter,400087,YOUNG WOMENS HS,347,4,1.2,313,90.2,0,0.0,0,0.0,20,5.8,1,0.3,0,0.0,0,0.0,9,2.6
ISP,609973,ZAPATA,882,2,0.2,1,0.1,0,0.0,0,0.0,875,99.2,0,0.0,0,0.0,0,0.0,4,0.5
,,,,,,,,,,,,,,,,,,,,,
,,,,,,,,,,,,,,,,,,,,,
,,,,,,,,,,,,,,,,,,,,,
District Total,,,"392,285","37,748",9.6,"152,413",38.9,14,0.00,937,0.2,"180,206",45.9,"4,192",1.1,"14,540",3.7,630,0.2,"1,605",0.4
